Name,yt_name,Link,start_min,start_sec,end_min,end_sec
Buffalo,Buffalo,https://talkinghands.co.in/sites/default/files/islvideos/Buffalo.webm,0,0,0,3
Cat,Cat,https://talkinghands.co.in/sites/default/files/islvideos/Cat.webm,0,0,0,3
Cow,Cow,https://talkinghands.co.in/sites/default/files/islvideos/Cow.webm,0,0,0,2
Crocodile,Crocodile,https://talkinghands.co.in/sites/default/files/islvideos/Crocodile.webm,0,0,0,3
Crow,Crow,https://talkinghands.co.in/sites/default/files/islvideos/Crow.webm,0,0,0,2
Crow_(alternate),Crow_(alternate),https://talkinghands.co.in/sites/default/files/islvideos/Crow1.webm,0,0,0,3
Deer,Deer,https://talkinghands.co.in/sites/default/files/islvideos/Deer.webm,0,0,0,3
Dog,Dog,https://talkinghands.co.in/sites/default/files/islvideos/Dog.webm,0,0,0,2
Dove,Dove,https://talkinghands.co.in/sites/default/files/islvideos/Dove.webm,0,0,0,3
Duck,Duck,https://talkinghands.co.in/sites/default/files/islvideos/Duck.webm,0,0,0,3
Elephant,Elephant,https://talkinghands.co.in/sites/default/files/islvideos/Elephant.webm,0,0,0,3
Fox,Fox,https://talkinghands.co.in/sites/default/files/islvideos/Fox.webm,0,0,0,2
Hen,Hen,https://talkinghands.co.in/sites/default/files/islvideos/Hen.webm,0,0,0,2
Horse,Horse,https://talkinghands.co.in/sites/default/files/islvideos/Horse.webm,0,0,0,3
Owl,Owl,https://talkinghands.co.in/sites/default/files/islvideos/Owl.webm,0,0,0,3
Ox,Ox,https://talkinghands.co.in/sites/default/files/islvideos/Ox.webm,0,0,0,2
Parrot,Parrot,https://talkinghands.co.in/sites/default/files/islvideos/Parrot.webm,0,0,0,3
Peacock,Peacock,https://talkinghands.co.in/sites/default/files/islvideos/Peacock.webm,0,0,0,4
Pig,Pig,https://talkinghands.co.in/sites/default/files/islvideos/Pig.webm,0,0,0,3
Rabbit,Rabbit,https://talkinghands.co.in/sites/default/files/islvideos/Rabbit.webm,0,0,0,2
Buy,Buy,https://talkinghands.co.in/sites/default/files/islvideos/Buy.webm,0,0,0,2
Calculator,Calculator,https://talkinghands.co.in/sites/default/files/islvideos/Calculator.webm,0,0,0,2
Profit,Profit,https://talkinghands.co.in/sites/default/files/islvideos/Profit.webm,0,0,0,2
Profit_alternate,Profit_alternate,https://talkinghands.co.in/sites/default/files/islvideos/Profit_alternate.webm,0,0,0,2
Sell,Sell,https://talkinghands.co.in/sites/default/files/islvideos/Sell.webm,0,0,0,2
Agra,Agra,https://talkinghands.co.in/sites/default/files/islvideos/Agra.webm,0,0,0,2
Ahmedabad,Ahmedabad,https://talkinghands.co.in/sites/default/files/islvideos/Ahmedabad.webm,0,0,0,3
Amritsar,Amritsar,https://talkinghands.co.in/sites/default/files/islvideos/Amritsar.webm,0,0,0,3
Badoda,Badoda,https://talkinghands.co.in/sites/default/files/islvideos/Badoda.webm,0,0,0,2
Banaras,Banaras,https://talkinghands.co.in/sites/default/files/islvideos/Banaras.webm,0,0,0,2
Banglore,Banglore,https://talkinghands.co.in/sites/default/files/islvideos/Banglore.webm,0,0,0,2
Bhopal,Bhopal,https://talkinghands.co.in/sites/default/files/islvideos/Bhopal.webm,0,0,0,2
Chandigarh,Chandigarh,https://talkinghands.co.in/sites/default/files/islvideos/Chandigarh.webm,0,0,0,3
Chennai,Chennai,https://talkinghands.co.in/sites/default/files/islvideos/Chennai.webm,0,0,0,2
Cochin,Cochin,https://talkinghands.co.in/sites/default/files/islvideos/Cochin.webm,0,0,0,3
Coimbtore,Coimbtore,https://talkinghands.co.in/sites/default/files/islvideos/Coimbtore.webm,0,0,0,2
Delhi,Delhi,https://talkinghands.co.in/sites/default/files/islvideos/Delhi.webm,0,0,0,2
Guwahati,Guwahati,https://talkinghands.co.in/sites/default/files/islvideos/Guwahati.webm,0,0,0,3
Hyderabad,Hyderabad,https://talkinghands.co.in/sites/default/files/islvideos/Hyderabad.webm,0,0,0,3
Jaipur,Jaipur,https://talkinghands.co.in/sites/default/files/islvideos/Jaipur.webm,0,0,0,2
Kanpur,Kanpur,https://talkinghands.co.in/sites/default/files/islvideos/Kanpur.webm,0,0,0,2
Kolkata,Kolkata,https://talkinghands.co.in/sites/default/files/islvideos/Kolkata.webm,0,0,0,2
Lucknow,Lucknow,https://talkinghands.co.in/sites/default/files/islvideos/Lucknow.webm,0,0,0,2
Mumbai,Mumbai,https://talkinghands.co.in/sites/default/files/islvideos/Mumbai.webm,0,0,0,2
Mysore,Mysore,https://talkinghands.co.in/sites/default/files/islvideos/Mysore.webm,0,0,0,3
Nagpur,Nagpur,https://talkinghands.co.in/sites/default/files/islvideos/Nagpur.webm,0,0,0,3
Nagpur-2,Nagpur-2,https://talkinghands.co.in/sites/default/files/islvideos/Nagpur-2.webm,0,0,0,2
Ooty,Ooty,https://talkinghands.co.in/sites/default/files/islvideos/Ooty.webm,0,0,0,2
Patna,Patna,https://talkinghands.co.in/sites/default/files/islvideos/Patna.webm,0,0,0,2
Pune,Pune,https://talkinghands.co.in/sites/default/files/islvideos/Pune.webm,0,0,0,2
Simla,Simla,https://talkinghands.co.in/sites/default/files/islvideos/Simla.webm,0,0,0,2
Surat,Surat,https://talkinghands.co.in/sites/default/files/islvideos/Surat.webm,0,0,0,3
Black,Black,https://talkinghands.co.in/sites/default/files/islvideos/Black.webm,0,0,0,2
Black-2,Black-2,https://talkinghands.co.in/sites/default/files/islvideos/Black-2.webm,0,0,0,3
Blue,Blue,https://talkinghands.co.in/sites/default/files/islvideos/Blue.webm,0,0,0,3
Brown,Brown,https://talkinghands.co.in/sites/default/files/islvideos/Brown.webm,0,0,0,3
Green,Green,https://talkinghands.co.in/sites/default/files/islvideos/Green.webm,0,0,0,3
Pink,Pink,https://talkinghands.co.in/sites/default/files/islvideos/Pink.webm,0,0,0,3
Red,Red,https://talkinghands.co.in/sites/default/files/islvideos/Red.webm,0,0,0,2
Violet,Violet,https://talkinghands.co.in/sites/default/files/islvideos/Violet.webm,0,0,0,3
White,White,https://talkinghands.co.in/sites/default/files/islvideos/White.webm,0,0,0,3
Yellow,Yellow,https://talkinghands.co.in/sites/default/files/islvideos/Yellow.webm,0,0,0,2
Africa,Africa,https://talkinghands.co.in/sites/default/files/islvideos/Africa.webm,0,0,0,2
Antartica,Antartica,https://talkinghands.co.in/sites/default/files/islvideos/Antartica.webm,0,0,0,4
Asia,Asia,https://talkinghands.co.in/sites/default/files/islvideos/Asia.webm,0,0,0,3
Australia,Australia,https://talkinghands.co.in/sites/default/files/islvideos/Australia.webm,0,0,0,3
Australia-alternate,Australia-alternate,https://talkinghands.co.in/sites/default/files/islvideos/Australia-alternate.webm,0,0,0,3
Bangladesh,Bangladesh,https://talkinghands.co.in/sites/default/files/islvideos/Bangladesh.webm,0,0,0,3
China,China,https://talkinghands.co.in/sites/default/files/islvideos/China.webm,0,0,0,2
China-1,China-1,https://talkinghands.co.in/sites/default/files/islvideos/China-1.webm,0,0,0,3
China-alternate,China-alternate,https://talkinghands.co.in/sites/default/files/islvideos/China-alternate.webm,0,0,0,3
Continent,Continent,https://talkinghands.co.in/sites/default/files/islvideos/Continent.webm,0,0,0,3
Country,Country,https://talkinghands.co.in/sites/default/files/islvideos/Country.webm,0,0,0,3
England,England,https://talkinghands.co.in/sites/default/files/islvideos/England.webm,0,0,0,3
Europe,Europe,https://talkinghands.co.in/sites/default/files/islvideos/Europe.webm,0,0,0,3
France,France,https://talkinghands.co.in/sites/default/files/islvideos/France.webm,0,0,0,3
Germany,Germany,https://talkinghands.co.in/sites/default/files/islvideos/Germany.webm,0,0,0,3
India,India,https://talkinghands.co.in/sites/default/files/islvideos/India.webm,0,0,0,2
India-alternate,India-alternate,https://talkinghands.co.in/sites/default/files/islvideos/India-alternate.webm,0,0,0,3
Israel,Israel,https://talkinghands.co.in/sites/default/files/islvideos/Israel.webm,0,0,0,3
Japan,Japan,https://talkinghands.co.in/sites/default/files/islvideos/Japan.webm,0,0,0,2
Nepal-1,Nepal-1,https://talkinghands.co.in/sites/default/files/islvideos/Nepal-1.webm,0,0,0,3
NewZealand,NewZealand,https://talkinghands.co.in/sites/default/files/islvideos/NewZealand.webm,0,0,0,3
North America,North America,https://talkinghands.co.in/sites/default/files/islvideos/North_America.webm,0,0,0,3
Pakistan,Pakistan,https://talkinghands.co.in/sites/default/files/islvideos/pakistan.webm,0,0,0,2
Russia,Russia,https://talkinghands.co.in/sites/default/files/islvideos/Russia.webm,0,0,0,3
Singapore-1,Singapore-1,https://talkinghands.co.in/sites/default/files/islvideos/Singapore-1.webm,0,0,0,3
Singapore-2,Singapore-2,https://talkinghands.co.in/sites/default/files/islvideos/Singapore-2.webm,0,0,0,3
SouthAfrica,SouthAfrica,https://talkinghands.co.in/sites/default/files/islvideos/SouthAfrica.webm,0,0,0,2
South America,South America,https://talkinghands.co.in/sites/default/files/islvideos/South_America.webm,0,0,0,3
Sri Lanka,Sri Lanka,https://talkinghands.co.in/sites/default/files/islvideos/Sri_Lanka.webm,0,0,0,3
UnitedKingdom,UnitedKingdom,https://talkinghands.co.in/sites/default/files/islvideos/UnitedKingdom.webm,0,0,0,2
USA,USA,https://talkinghands.co.in/sites/default/files/islvideos/USA.webm,0,0,0,2
West Indies,West Indies,https://talkinghands.co.in/sites/default/files/islvideos/West_Indies.webm,0,0,0,3
World,World,https://talkinghands.co.in/sites/default/files/islvideos/World.webm,0,0,0,3
Arrest,Arrest,https://talkinghands.co.in/sites/default/files/islvideos/Arrest.webm,0,0,0,2
Bail,Bail,https://talkinghands.co.in/sites/default/files/islvideos/Bail.webm,0,0,0,2
Court,Court,https://talkinghands.co.in/sites/default/files/islvideos/Court.webm,0,0,0,2
Crime,Crime,https://talkinghands.co.in/sites/default/files/islvideos/Crime.webm,0,0,0,2
Jail,Jail,https://talkinghands.co.in/sites/default/files/islvideos/Jail.webm,0,0,0,2
Jailor,Jailor,https://talkinghands.co.in/sites/default/files/islvideos/Jailor.webm,0,0,0,2
Judge,Judge,https://talkinghands.co.in/sites/default/files/islvideos/Judge.webm,0,0,0,2
Justice,Justice,https://talkinghands.co.in/sites/default/files/islvideos/Justice.webm,0,0,0,3
Lawyer,Lawyer,https://talkinghands.co.in/sites/default/files/islvideos/Lawyer.webm,0,0,0,2
Oath,Oath,https://talkinghands.co.in/sites/default/files/islvideos/Oath.webm,0,0,0,2
Oath2,Oath2,https://talkinghands.co.in/sites/default/files/islvideos/Oath2.webm,0,0,0,2
Punishment,Punishment,https://talkinghands.co.in/sites/default/files/islvideos/Punishment.webm,0,0,0,2
Rule,Rule,https://talkinghands.co.in/sites/default/files/islvideos/Rule.webm,0,0,0,2
day before,day before,https://talkinghands.co.in/sites/default/files/islvideos/day_before.webm,0,0,0,2
day before2,day before2,https://talkinghands.co.in/sites/default/files/islvideos/day_before2.webm,0,0,0,2
Friday,Friday,https://talkinghands.co.in/sites/default/files/islvideos/Friday.webm,0,0,0,3
Minute,Minute,https://talkinghands.co.in/sites/default/files/islvideos/Minute.webm,0,0,0,3
Monday,Monday,https://talkinghands.co.in/sites/default/files/islvideos/Monday.webm,0,0,0,2
Now,Now,https://talkinghands.co.in/sites/default/files/islvideos/Now.webm,0,0,0,2
Saturday,Saturday,https://talkinghands.co.in/sites/default/files/islvideos/Saturday.webm,0,0,0,2
Sunday,Sunday,https://talkinghands.co.in/sites/default/files/islvideos/Sunday.webm,0,0,0,3
Then,Then,https://talkinghands.co.in/sites/default/files/islvideos/Then.webm,0,0,0,2
Thursday,Thursday,https://talkinghands.co.in/sites/default/files/islvideos/Thursday.webm,0,0,0,3
Time,Time,https://talkinghands.co.in/sites/default/files/islvideos/Time.webm,0,0,0,2
Today,Today,https://talkinghands.co.in/sites/default/files/islvideos/Today.webm,0,0,0,2
Tommorow,Tommorow,https://talkinghands.co.in/sites/default/files/islvideos/Tommorow.webm,0,0,0,2
Tuesday,Tuesday,https://talkinghands.co.in/sites/default/files/islvideos/Tuesday.webm,0,0,0,3
Wednesday,Wednesday,https://talkinghands.co.in/sites/default/files/islvideos/Wednesday.webm,0,0,0,3
Yesterday,Yesterday,https://talkinghands.co.in/sites/default/files/islvideos/Yesterday.webm,0,0,0,2
East,East,https://talkinghands.co.in/sites/default/files/islvideos/East.webm,0,0,0,2
Left,Left,https://talkinghands.co.in/sites/default/files/islvideos/Left.webm,0,0,0,2
Right-1,Right-1,https://talkinghands.co.in/sites/default/files/islvideos/Right-1.webm,0,0,0,3
West,West,https://talkinghands.co.in/sites/default/files/islvideos/West.webm,0,0,0,2
Advertisement,Advertisement,https://talkinghands.co.in/sites/default/files/islvideos/Advertisement.webm,0,0,0,2
Advertisement2,Advertisement2,https://talkinghands.co.in/sites/default/files/islvideos/Advertisement2.webm,0,0,0,2
Airmail,Airmail,https://talkinghands.co.in/sites/default/files/islvideos/Airmail.webm,0,0,0,2
Bench,Bench,https://talkinghands.co.in/sites/default/files/islvideos/Bench.webm,0,0,0,2
BlackBoard,BlackBoard,https://talkinghands.co.in/sites/default/files/islvideos/BlackBoard.webm,0,0,0,3
Book,Book,https://talkinghands.co.in/sites/default/files/islvideos/Book.webm,0,0,0,2
Card,Card,https://talkinghands.co.in/sites/default/files/islvideos/Card.webm,0,0,0,2
Center,Center,https://talkinghands.co.in/sites/default/files/islvideos/Center.webm,0,0,0,2
Certificate,Certificate,https://talkinghands.co.in/sites/default/files/islvideos/Certificate.webm,0,0,0,3
Certificate2,Certificate2,https://talkinghands.co.in/sites/default/files/islvideos/Certificate2.webm,0,0,0,3
Chapter,Chapter,https://talkinghands.co.in/sites/default/files/islvideos/Chapter.webm,0,0,0,2
Chemistry,Chemistry,https://talkinghands.co.in/sites/default/files/islvideos/Chemistry.webm,0,0,0,3
College,College,https://talkinghands.co.in/sites/default/files/islvideos/College.webm,0,0,0,3
Compass,Compass,https://talkinghands.co.in/sites/default/files/islvideos/Compass.webm,0,0,0,2
Copy,Copy,https://talkinghands.co.in/sites/default/files/islvideos/Copy.webm,0,0,0,2
Copy2,Copy2,https://talkinghands.co.in/sites/default/files/islvideos/Copy2.webm,0,0,0,2
Courier,Courier,https://talkinghands.co.in/sites/default/files/islvideos/Courier.webm,0,0,0,2
Desk,Desk,https://talkinghands.co.in/sites/default/files/islvideos/Desk.webm,0,0,0,2
Discuss,Discuss,https://talkinghands.co.in/sites/default/files/islvideos/Discuss.webm,0,0,0,2
Duster,Duster,https://talkinghands.co.in/sites/default/files/islvideos/Duster.webm,0,0,0,2
Envelop,Envelop,https://talkinghands.co.in/sites/default/files/islvideos/Envelop.webm,0,0,0,2
Eraser,Eraser,https://talkinghands.co.in/sites/default/files/islvideos/Eraser.webm,0,0,0,2
Essay,Essay,https://talkinghands.co.in/sites/default/files/islvideos/Essay.webm,0,0,0,3
Essay2,Essay2,https://talkinghands.co.in/sites/default/files/islvideos/Essay2.webm,0,0,0,2
Examination,Examination,https://talkinghands.co.in/sites/default/files/islvideos/Examination.webm,0,0,0,2
Experiement,Experiement,https://talkinghands.co.in/sites/default/files/islvideos/Experiement.webm,0,0,0,3
Fax,Fax,https://talkinghands.co.in/sites/default/files/islvideos/Fax.webm,0,0,0,2
Food-Box,Food-Box,https://talkinghands.co.in/sites/default/files/islvideos/Food-Box.webm,0,0,0,2
History,History,https://talkinghands.co.in/sites/default/files/islvideos/History.webm,0,0,0,2
Information,Information,https://talkinghands.co.in/sites/default/files/islvideos/Information.webm,0,0,0,2
knowledge,knowledge,https://talkinghands.co.in/sites/default/files/islvideos/knowledge_0.webm,0,0,0,2
Laboratory,Laboratory,https://talkinghands.co.in/sites/default/files/islvideos/Laboratory_0.webm,0,0,0,3
Late2,Late2,https://talkinghands.co.in/sites/default/files/islvideos/Late2_0.webm,0,0,0,2
Learn,Learn,https://talkinghands.co.in/sites/default/files/islvideos/Learn_0.webm,0,0,0,2
Letter,Letter,https://talkinghands.co.in/sites/default/files/islvideos/Letter_0.webm,0,0,0,2
Library,Library,https://talkinghands.co.in/sites/default/files/islvideos/Library_0.webm,0,0,0,3
List,List,https://talkinghands.co.in/sites/default/files/islvideos/List_0.webm,0,0,0,2
Memorize,Memorize,https://talkinghands.co.in/sites/default/files/islvideos/Memorize_0.webm,0,0,0,2
Page,Page,https://talkinghands.co.in/sites/default/files/islvideos/Page_0.webm,0,0,0,3
Paper,Paper,https://talkinghands.co.in/sites/default/files/islvideos/Paper_0.webm,0,0,0,2
Pen,Pen,https://talkinghands.co.in/sites/default/files/islvideos/Pen_0.webm,0,0,0,2
Pencil,Pencil,https://talkinghands.co.in/sites/default/files/islvideos/Pencil_0.webm,0,0,0,2
Percentage,Percentage,https://talkinghands.co.in/sites/default/files/islvideos/Percentage_0.webm,0,0,0,2
Picture,Picture,https://talkinghands.co.in/sites/default/files/islvideos/Picture_0.webm,0,0,0,2
Quote,Quote,https://talkinghands.co.in/sites/default/files/islvideos/Quote_0.webm,0,0,0,2
Read,Read,https://talkinghands.co.in/sites/default/files/islvideos/Read_0.webm,0,0,0,2
Reply,Reply,https://talkinghands.co.in/sites/default/files/islvideos/Reply_0.webm,0,0,0,2
Reply2,Reply2,https://talkinghands.co.in/sites/default/files/islvideos/Reply2_0.webm,0,0,0,2
Result,Result,https://talkinghands.co.in/sites/default/files/islvideos/Result_0.webm,0,0,0,2
Revolve,Revolve,https://talkinghands.co.in/sites/default/files/islvideos/Revolve.webm,0,0,0,2
baby,baby,https://talkinghands.co.in/sites/default/files/islvideos/baby.webm,0,0,0,3
baby_2,baby_2,https://talkinghands.co.in/sites/default/files/islvideos/baby_2.webm,0,0,0,3
baby 3,baby 3,https://talkinghands.co.in/sites/default/files/islvideos/baby_3.webm,0,0,0,3
baby 4,baby 4,https://talkinghands.co.in/sites/default/files/islvideos/baby_4.webm,0,0,0,9
Birth-Child,Birth-Child,https://talkinghands.co.in/sites/default/files/islvideos/Birth-Child.webm,0,0,0,2
Boy,Boy,https://talkinghands.co.in/sites/default/files/islvideos/Boy.webm,0,0,0,2
boy_2,boy_2,https://talkinghands.co.in/sites/default/files/islvideos/boy_2.webm,0,0,0,3
Brother,Brother,https://talkinghands.co.in/sites/default/files/islvideos/Brother.webm,0,0,0,2
Brother-in-Law,Brother-in-Law,https://talkinghands.co.in/sites/default/files/islvideos/Brother-in-Law.webm,0,0,0,4
brother_2,brother_2,https://talkinghands.co.in/sites/default/files/islvideos/brother_2.webm,0,0,0,3
brother in law2,brother in law2,https://talkinghands.co.in/sites/default/files/islvideos/brother_in_law2.webm,0,0,0,4
Children,Children,https://talkinghands.co.in/sites/default/files/islvideos/Children.webm,0,0,0,3
Daughter,Daughter,https://talkinghands.co.in/sites/default/files/islvideos/Daughter.webm,0,0,0,3
daughther-2,daughther-2,https://talkinghands.co.in/sites/default/files/islvideos/daughther-2.webm,0,0,0,3
Engagement,Engagement,https://talkinghands.co.in/sites/default/files/islvideos/Engagement.webm,0,0,0,3
Family,Family,https://talkinghands.co.in/sites/default/files/islvideos/Family.webm,0,0,0,3
Father,Father,https://talkinghands.co.in/sites/default/files/islvideos/Father.webm,0,0,0,2
Father_1,Father_1,https://talkinghands.co.in/sites/default/files/islvideos/Father_1.webm,0,0,0,3
Friend,Friend,https://talkinghands.co.in/sites/default/files/islvideos/Friend.webm,0,0,0,3
Friend_2,Friend_2,https://talkinghands.co.in/sites/default/files/islvideos/Friend_2.webm,0,0,0,2
Girl,Girl,https://talkinghands.co.in/sites/default/files/islvideos/Girl.webm,0,0,0,3
Girl_1,Girl_1,https://talkinghands.co.in/sites/default/files/islvideos/Girl_1.webm,0,0,0,2
Girl_2,Girl_2,https://talkinghands.co.in/sites/default/files/islvideos/Girl_2.webm,0,0,0,3
Granddaughter,Granddaughter,https://talkinghands.co.in/sites/default/files/islvideos/Granddaughter.webm,0,0,0,4
GrandFather,GrandFather,https://talkinghands.co.in/sites/default/files/islvideos/GrandFather.webm,0,0,0,4
GrandMother,GrandMother,https://talkinghands.co.in/sites/default/files/islvideos/Grandmother.webm,0,0,0,3
Grandson,Grandson,https://talkinghands.co.in/sites/default/files/islvideos/Grandson.webm,0,0,0,4
Husband,Husband,https://talkinghands.co.in/sites/default/files/islvideos/husband.webm,0,0,0,3
Husband_1,Husband_1,https://talkinghands.co.in/sites/default/files/islvideos/Husband_1.webm,0,0,0,3
Man,Man,https://talkinghands.co.in/sites/default/files/islvideos/Man.webm,0,0,0,3
Man_2,Man_2,https://talkinghands.co.in/sites/default/files/islvideos/Man_2.webm,0,0,0,3
Marriage,Marriage,https://talkinghands.co.in/sites/default/files/islvideos/Marriage.webm,0,0,0,2
Mother,Mother,https://talkinghands.co.in/sites/default/files/islvideos/Mother.webm,0,0,0,2
Mother_2,Mother_2,https://talkinghands.co.in/sites/default/files/islvideos/Mother_2.webm,0,0,0,3
Neighbour,Neighbour,https://talkinghands.co.in/sites/default/files/islvideos/Neighbour.webm,0,0,0,3
Parent,Parent,https://talkinghands.co.in/sites/default/files/islvideos/Parent.webm,0,0,0,3
Person,Person,https://talkinghands.co.in/sites/default/files/islvideos/Person.webm,0,0,0,2
Relative,Relative,https://talkinghands.co.in/sites/default/files/islvideos/Relative.webm,0,0,0,3
Relative_1,Relative_1,https://talkinghands.co.in/sites/default/files/islvideos/Relative_1.webm,0,0,0,3
Sister,Sister,https://talkinghands.co.in/sites/default/files/islvideos/Sister.webm,0,0,0,3
Sister_1,Sister_1,https://talkinghands.co.in/sites/default/files/islvideos/Sister_1.webm,0,0,0,3
Son,Son,https://talkinghands.co.in/sites/default/files/islvideos/Son.webm,0,0,0,3
Son_1,Son_1,https://talkinghands.co.in/sites/default/files/islvideos/Son_1.webm,0,0,0,3
Surname,Surname,https://talkinghands.co.in/sites/default/files/islvideos/Surname.webm,0,0,0,3
Twin,Twin,https://talkinghands.co.in/sites/default/files/islvideos/Twin.webm,0,0,0,2
Wedding,Wedding,https://talkinghands.co.in/sites/default/files/islvideos/Wedding.webm,0,0,0,2
Wedding_1,Wedding_1,https://talkinghands.co.in/sites/default/files/islvideos/Wedding_1.webm,0,0,0,3
Wife,Wife,https://talkinghands.co.in/sites/default/files/islvideos/Wife.webm,0,0,0,3
Wife_1,Wife_1,https://talkinghands.co.in/sites/default/files/islvideos/Wife_1.webm,0,0,0,3
Wife_2,Wife_2,https://talkinghands.co.in/sites/default/files/islvideos/Wife_2.webm,0,0,0,3
Dubai,Dubai,https://talkinghands.co.in/sites/default/files/islvideos/Dubai.webm,0,0,0,3
Paris,Paris,https://talkinghands.co.in/sites/default/files/islvideos/Paris.webm,0,0,0,2
Buddh Pornima,Buddh Pornima,https://talkinghands.co.in/sites/default/files/islvideos/Buddh_Pornima.webm,0,0,0,3
Christmas,Christmas,https://talkinghands.co.in/sites/default/files/islvideos/Christmas.webm,0,0,0,2
Christmas_2,Christmas_2,https://talkinghands.co.in/sites/default/files/islvideos/Christmas_2.webm,0,0,0,3
Dasara,Dasara,https://talkinghands.co.in/sites/default/files/islvideos/Dasara.webm,0,0,0,3
Dasara_2,Dasara_2,https://talkinghands.co.in/sites/default/files/islvideos/Dasara_2.webm,0,0,0,3
Dasara_3,Dasara_3,https://talkinghands.co.in/sites/default/files/islvideos/Dasara_3.webm,0,0,0,2
Easter,Easter,https://talkinghands.co.in/sites/default/files/islvideos/Easter.webm,0,0,0,3
Easter_2,Easter_2,https://talkinghands.co.in/sites/default/files/islvideos/Easter_2.webm,0,0,0,4
Festivals,Festivals,https://talkinghands.co.in/sites/default/files/islvideos/Festivals.webm,0,0,0,2
Ganesh Ustav,Ganesh Ustav,https://talkinghands.co.in/sites/default/files/islvideos/Ganesh_Ustav.webm,0,0,0,3
Gurunanak Jayanthi,Gurunanak Jayanthi,https://talkinghands.co.in/sites/default/files/islvideos/Gurunanak_Jayanthi.webm,0,0,0,4
Holi,Holi,https://talkinghands.co.in/sites/default/files/islvideos/Holi.webm,0,0,0,2
Id,Id,https://talkinghands.co.in/sites/default/files/islvideos/Id.webm,0,0,0,3
Mahavir jayanthi,Mahavir jayanthi,https://talkinghands.co.in/sites/default/files/islvideos/Mahavir_jayanthi.webm,0,0,0,2
Pateti,Pateti,https://talkinghands.co.in/sites/default/files/islvideos/Pateti.webm,0,0,0,3
Pongal,Pongal,https://talkinghands.co.in/sites/default/files/islvideos/Pongal.webm,0,0,0,3
Puja,Puja,https://talkinghands.co.in/sites/default/files/islvideos/Puja.webm,0,0,0,3
Ramzan,Ramzan,https://talkinghands.co.in/sites/default/files/islvideos/Ramzan.webm,0,0,0,4
Bhangada,Bhangada,https://talkinghands.co.in/sites/default/files/islvideos/Bhangada.webm,0,0,0,2
Mime,Mime,https://talkinghands.co.in/sites/default/files/islvideos/Mime.webm,0,0,0,3
Stage,Stage,https://talkinghands.co.in/sites/default/files/islvideos/Stage.webm,0,0,0,3
Beverages,Beverages,https://talkinghands.co.in/sites/default/files/islvideos/Beverages.webm,0,0,0,3
Bread,Bread,https://talkinghands.co.in/sites/default/files/islvideos/Bread.webm,0,0,0,3
Breakfast-1,Breakfast-1,https://talkinghands.co.in/sites/default/files/islvideos/Breakfast-1.webm,0,0,0,2
Butter,Butter,https://talkinghands.co.in/sites/default/files/islvideos/Butter.webm,0,0,0,3
Cake,Cake,https://talkinghands.co.in/sites/default/files/islvideos/Cake.webm,0,0,0,3
Chapathi,Chapathi,https://talkinghands.co.in/sites/default/files/islvideos/Chapathi.webm,0,0,0,2
Chicken,Chicken,https://talkinghands.co.in/sites/default/files/islvideos/Chicken.webm,0,0,0,2
Chocolate,Chocolate,https://talkinghands.co.in/sites/default/files/islvideos/Chocolate.webm,0,0,0,2
Coffee,Coffee,https://talkinghands.co.in/sites/default/files/islvideos/Coffee.webm,0,0,0,2
cold drink,cold drink,https://talkinghands.co.in/sites/default/files/islvideos/cold_drink.webm,0,0,0,2
Corn,Corn,https://talkinghands.co.in/sites/default/files/islvideos/Corn.webm,0,0,0,2
curds-1,curds-1,https://talkinghands.co.in/sites/default/files/islvideos/curds-1.webm,0,0,0,2
Curry,Curry,https://talkinghands.co.in/sites/default/files/islvideos/Curry.webm,0,0,0,3
dahi puri,dahi puri,https://talkinghands.co.in/sites/default/files/islvideos/dahi_puri.webm,0,0,0,3
dinner1,dinner1,https://talkinghands.co.in/sites/default/files/islvideos/dinner1.webm,0,0,0,3
Dish,Dish,https://talkinghands.co.in/sites/default/files/islvideos/Dish.webm,0,0,0,3
Dosa,Dosa,https://talkinghands.co.in/sites/default/files/islvideos/Dosa.webm,0,0,0,2
Food,Food,https://talkinghands.co.in/sites/default/files/islvideos/Food.webm,0,0,0,2
Grain,Grain,https://talkinghands.co.in/sites/default/files/islvideos/Grain.webm,0,0,0,3
GroundNut,GroundNut,https://talkinghands.co.in/sites/default/files/islvideos/GroundNut.webm,0,0,0,2
icecream,icecream,https://talkinghands.co.in/sites/default/files/islvideos/icecream.webm,0,0,0,2
Jam,Jam,https://talkinghands.co.in/sites/default/files/islvideos/Jam.webm,0,0,0,3
Juice,Juice,https://talkinghands.co.in/sites/default/files/islvideos/Juice.webm,0,0,0,3
juice2,juice2,https://talkinghands.co.in/sites/default/files/islvideos/juice2.webm,0,0,0,3
Laddu,Laddu,https://talkinghands.co.in/sites/default/files/islvideos/Laddu.webm,0,0,0,3
Lassi,Lassi,https://talkinghands.co.in/sites/default/files/islvideos/Lassi.webm,0,0,0,3
ldli,ldli,https://talkinghands.co.in/sites/default/files/islvideos/ldli.webm,0,0,0,3
Liquor,Liquor,https://talkinghands.co.in/sites/default/files/islvideos/Liquor.webm,0,0,0,3
Lunch,Lunch,https://talkinghands.co.in/sites/default/files/islvideos/Lunch.webm,0,0,0,3
Masala,Masala,https://talkinghands.co.in/sites/default/files/islvideos/Masala.webm,0,0,0,3
masala puri,masala puri,https://talkinghands.co.in/sites/default/files/islvideos/masala_puri.webm,0,0,0,2
Meat,Meat,https://talkinghands.co.in/sites/default/files/islvideos/Meat.webm,0,0,0,3
Milk,Milk,https://talkinghands.co.in/sites/default/files/islvideos/Milk.webm,0,0,0,3
Milk-2,Milk-2,https://talkinghands.co.in/sites/default/files/islvideos/Milk-2.webm,0,0,0,2
milk_alternate,milk_alternate,https://talkinghands.co.in/sites/default/files/islvideos/milk_alternate.webm,0,0,0,2
Oil,Oil,https://talkinghands.co.in/sites/default/files/islvideos/Oil.webm,0,0,0,2
pani puri,pani puri,https://talkinghands.co.in/sites/default/files/islvideos/pani_puri.webm,0,0,0,2
Pappad,Pappad,https://talkinghands.co.in/sites/default/files/islvideos/Pappad.webm,0,0,0,2
Pepper,Pepper,https://talkinghands.co.in/sites/default/files/islvideos/Pepper.webm,0,0,0,3
Pizza,Pizza,https://talkinghands.co.in/sites/default/files/islvideos/Pizza.webm,0,0,0,4
puff,puff,https://talkinghands.co.in/sites/default/files/islvideos/puff.webm,0,0,0,4
Puri,Puri,https://talkinghands.co.in/sites/default/files/islvideos/Puri.webm,0,0,0,3
Rice,Rice,https://talkinghands.co.in/sites/default/files/islvideos/Rice.webm,0,0,0,2
rice1,rice1,https://talkinghands.co.in/sites/default/files/islvideos/rice1.webm,0,0,0,2
Samosa,Samosa,https://talkinghands.co.in/sites/default/files/islvideos/Samosa.webm,0,0,0,2
Sandwitch,Sandwitch,https://talkinghands.co.in/sites/default/files/islvideos/Sandwitch.webm,0,0,0,3
Sharbat,Sharbat,https://talkinghands.co.in/sites/default/files/islvideos/Sharbat.webm,0,0,0,3
Smell,Smell,https://talkinghands.co.in/sites/default/files/islvideos/Smell.webm,0,0,0,3
Sugar2,Sugar2,https://talkinghands.co.in/sites/default/files/islvideos/Sugar2.webm,0,0,0,2
Tea,Tea,https://talkinghands.co.in/sites/default/files/islvideos/Tea.webm,0,0,0,2
Apple,Apple,https://talkinghands.co.in/sites/default/files/islvideos/Apple.webm,0,0,0,2
Apple2,Apple2,https://talkinghands.co.in/sites/default/files/islvideos/Apple2.webm,0,0,0,2
Banana,Banana,https://talkinghands.co.in/sites/default/files/islvideos/Banana.webm,0,0,0,2
Chickoo,Chickoo,https://talkinghands.co.in/sites/default/files/islvideos/Chickoo.webm,0,0,0,3
Coconut,Coconut,https://talkinghands.co.in/sites/default/files/islvideos/Coconut.webm,0,0,0,2
Coconut2,Coconut2,https://talkinghands.co.in/sites/default/files/islvideos/Coconut2.webm,0,0,0,3
Custard Apple,Custard Apple,https://talkinghands.co.in/sites/default/files/islvideos/Custard_Apple.webm,0,0,0,3
Fruits,Fruits,https://talkinghands.co.in/sites/default/files/islvideos/Fruits.webm,0,0,0,2
Grape,Grape,https://talkinghands.co.in/sites/default/files/islvideos/Grape.webm,0,0,0,3
Guava,Guava,https://talkinghands.co.in/sites/default/files/islvideos/Guava.webm,0,0,0,3
Jackfruit,Jackfruit,https://talkinghands.co.in/sites/default/files/islvideos/Jackfruit.webm,0,0,0,2
Lemon,Lemon,https://talkinghands.co.in/sites/default/files/islvideos/Lemon.webm,0,0,0,2
Mango,Mango,https://talkinghands.co.in/sites/default/files/islvideos/Mango.webm,0,0,0,3
Orange,Orange,https://talkinghands.co.in/sites/default/files/islvideos/Orange.webm,0,0,0,2
Papaya,Papaya,https://talkinghands.co.in/sites/default/files/islvideos/Papaya.webm,0,0,0,3
Pomongrate,Pomongrate,https://talkinghands.co.in/sites/default/files/islvideos/Pomongrate.webm,0,0,0,3
Sugarcane,Sugarcane,https://talkinghands.co.in/sites/default/files/islvideos/Sugarcane.webm,0,0,0,3
Sweetlime,Sweetlime,https://talkinghands.co.in/sites/default/files/islvideos/Sweetlime.webm,0,0,0,2
Tamarind,Tamarind,https://talkinghands.co.in/sites/default/files/islvideos/Tamarind.webm,0,0,0,3
Act,Act,https://talkinghands.co.in/sites/default/files/islvideos/Act.webm,0,0,0,2
Address,Address,https://talkinghands.co.in/sites/default/files/islvideos/Address.webm,0,0,0,2
Air,Air,https://talkinghands.co.in/sites/default/files/islvideos/Air.webm,0,0,0,2
Amazing,Amazing,https://talkinghands.co.in/sites/default/files/islvideos/Amazing.webm,0,0,0,3
Angry,Angry,https://talkinghands.co.in/sites/default/files/islvideos/Angry.webm,0,0,0,2
Angry-alternate,Angry-alternate,https://talkinghands.co.in/sites/default/files/islvideos/Angry-alternate.webm,0,0,0,2
Art,Art,https://talkinghands.co.in/sites/default/files/islvideos/Art.webm,0,0,0,2
Bad-alternate,Bad-alternate,https://talkinghands.co.in/sites/default/files/islvideos/Bad-alternate.webm,0,0,0,3
Balloon,Balloon,https://talkinghands.co.in/sites/default/files/islvideos/Balloon.webm,0,0,0,3
Birthday,Birthday,https://talkinghands.co.in/sites/default/files/islvideos/Birthday.webm,0,0,0,3
Bite -alternate,Bite -alternate,https://talkinghands.co.in/sites/default/files/islvideos/Bite%20-alternate.webm,0,0,0,2
Blanket,Blanket,https://talkinghands.co.in/sites/default/files/islvideos/Blanket.webm,0,0,0,3
Body Spray,Body Spray,https://talkinghands.co.in/sites/default/files/islvideos/Body_Spray.webm,0,0,0,3
Bore,Bore,https://talkinghands.co.in/sites/default/files/islvideos/Bore.webm,0,0,0,4
Brave,Brave,https://talkinghands.co.in/sites/default/files/islvideos/Brave.webm,0,0,0,3
Brick,Brick,https://talkinghands.co.in/sites/default/files/islvideos/Brick.webm,0,0,0,2
Calm,Calm,https://talkinghands.co.in/sites/default/files/islvideos/Calm.webm,0,0,0,3
Cave,Cave,https://talkinghands.co.in/sites/default/files/islvideos/Cave.webm,0,0,0,4
Cement,Cement,https://talkinghands.co.in/sites/default/files/islvideos/Cement.webm,0,0,0,2
Chair,Chair,https://talkinghands.co.in/sites/default/files/islvideos/Chair.webm,0,0,0,3
Chappal,Chappal,https://talkinghands.co.in/sites/default/files/islvideos/Chappal.webm,0,0,0,3
Chat,Chat,https://talkinghands.co.in/sites/default/files/islvideos/Chat.webm,0,0,0,3
Cheat,Cheat,https://talkinghands.co.in/sites/default/files/islvideos/Cheat.webm,0,0,0,3
Checking out someone,Checking out someone,https://talkinghands.co.in/sites/default/files/islvideos/Checking_out_someone.webm,0,0,0,3
Chew,Chew,https://talkinghands.co.in/sites/default/files/islvideos/Chew.webm,0,0,0,3
Cinema,Cinema,https://talkinghands.co.in/sites/default/files/islvideos/Cinema.webm,0,0,0,2
Circus,Circus,https://talkinghands.co.in/sites/default/files/islvideos/Circus.webm,0,0,0,3
Clever,Clever,https://talkinghands.co.in/sites/default/files/islvideos/Clever.webm,0,0,0,3
Clown,Clown,https://talkinghands.co.in/sites/default/files/islvideos/Clown.webm,0,0,0,3
Coat,Coat,https://talkinghands.co.in/sites/default/files/islvideos/Coat.webm,0,0,0,3
Comb,Comb,https://talkinghands.co.in/sites/default/files/islvideos/Comb.webm,0,0,0,3
Come,Come,https://talkinghands.co.in/sites/default/files/islvideos/Come.webm,0,0,0,3
Confident,Confident,https://talkinghands.co.in/sites/default/files/islvideos/Confident.webm,0,0,0,3
Cool,Cool,https://talkinghands.co.in/sites/default/files/islvideos/Cool.webm,0,0,0,2
Corruption,Corruption,https://talkinghands.co.in/sites/default/files/islvideos/Corruption.webm,0,0,0,3
Cot,Cot,https://talkinghands.co.in/sites/default/files/islvideos/Cot.webm,0,0,0,3
Crayons,Crayons,https://talkinghands.co.in/sites/default/files/islvideos/Crayons.webm,0,0,0,4
Cry,Cry,https://talkinghands.co.in/sites/default/files/islvideos/Cry.webm,0,0,0,3
Cutout,Cutout,https://talkinghands.co.in/sites/default/files/islvideos/Cutout.webm,0,0,0,3
Dance,Dance,https://talkinghands.co.in/sites/default/files/islvideos/Dance.webm,0,0,0,3
Decide,Decide,https://talkinghands.co.in/sites/default/files/islvideos/Decide.webm,0,0,0,3
Designing,Designing,https://talkinghands.co.in/sites/default/files/islvideos/Designing.webm,0,0,0,2
Difficult,Difficult,https://talkinghands.co.in/sites/default/files/islvideos/Difficult.webm,0,0,0,4
Doll,Doll,https://talkinghands.co.in/sites/default/files/islvideos/Doll.webm,0,0,0,2
Drama,Drama,https://talkinghands.co.in/sites/default/files/islvideos/Drama.webm,0,0,0,2
Easy,Easy,https://talkinghands.co.in/sites/default/files/islvideos/Easy.webm,0,0,0,3
Eat,Eat,https://talkinghands.co.in/sites/default/files/islvideos/Eat.webm,0,0,0,3
Eclipse,Eclipse,https://talkinghands.co.in/sites/default/files/islvideos/Eclipse.webm,0,0,0,3
Embroidery-1,Embroidery-1,https://talkinghands.co.in/sites/default/files/islvideos/Embroidery-1.webm,0,0,0,3
Embroidery-2,Embroidery-2,https://talkinghands.co.in/sites/default/files/islvideos/Embroidery-2.webm,0,0,0,3
Assembly,Assembly,https://talkinghands.co.in/sites/default/files/islvideos/Assembly.webm,0,0,0,2
Assembly-alternate,Assembly-alternate,https://talkinghands.co.in/sites/default/files/islvideos/Assembly-alternate.webm,0,0,0,3
Bandh,Bandh,https://talkinghands.co.in/sites/default/files/islvideos/Bandh.webm,0,0,0,2
Capital,Capital,https://talkinghands.co.in/sites/default/files/islvideos/Capital.webm,0,0,0,2
Chief Minister,Chief Minister,https://talkinghands.co.in/sites/default/files/islvideos/Chief_Minister.webm,0,0,0,3
Election,Election,https://talkinghands.co.in/sites/default/files/islvideos/Election.webm,0,0,0,2
Flag,Flag,https://talkinghands.co.in/sites/default/files/islvideos/Flag.webm,0,0,0,3
Government,Government,https://talkinghands.co.in/sites/default/files/islvideos/Government.webm,0,0,0,2
King,King,https://talkinghands.co.in/sites/default/files/islvideos/King.webm,0,0,0,3
King-alternate,King-alternate,https://talkinghands.co.in/sites/default/files/islvideos/King-alternate.webm,0,0,0,2
Leader,Leader,https://talkinghands.co.in/sites/default/files/islvideos/Leader.webm,0,0,0,3
Minister,Minister,https://talkinghands.co.in/sites/default/files/islvideos/Minister.webm,0,0,0,3
National Anthem,National Anthem,https://talkinghands.co.in/sites/default/files/islvideos/National_Anthem.webm,0,0,0,4
Parliament,Parliament,https://talkinghands.co.in/sites/default/files/islvideos/Parliament.webm,0,0,0,2
Power,Power,https://talkinghands.co.in/sites/default/files/islvideos/Power.webm,0,0,0,2
President,President,https://talkinghands.co.in/sites/default/files/islvideos/President.webm,0,0,0,3
Prime Minister,Prime Minister,https://talkinghands.co.in/sites/default/files/islvideos/Prime_Minister.webm,0,0,0,2
Queen,Queen,https://talkinghands.co.in/sites/default/files/islvideos/Queen.webm,0,0,0,3
Riots,Riots,https://talkinghands.co.in/sites/default/files/islvideos/Riots.webm,0,0,0,2
Strike,Strike,https://talkinghands.co.in/sites/default/files/islvideos/Strike.webm,0,0,0,2
Vote,Vote,https://talkinghands.co.in/sites/default/files/islvideos/Vote.webm,0,0,0,2
About,About,https://talkinghands.co.in/sites/default/files/islvideos/About.webm,0,0,0,2
Above,Above,https://talkinghands.co.in/sites/default/files/islvideos/Above.webm,0,0,0,2
Across,Across,https://talkinghands.co.in/sites/default/files/islvideos/Across.webm,0,0,0,2
After,After,https://talkinghands.co.in/sites/default/files/islvideos/After.webm,0,0,0,2
Again,Again,https://talkinghands.co.in/sites/default/files/islvideos/Again.webm,0,0,0,2
Always,Always,https://talkinghands.co.in/sites/default/files/islvideos/Always.webm,0,0,0,2
Around,Around,https://talkinghands.co.in/sites/default/files/islvideos/Around.webm,0,0,0,2
At,At,https://talkinghands.co.in/sites/default/files/islvideos/At.webm,0,0,0,2
Before,Before,https://talkinghands.co.in/sites/default/files/islvideos/Before.webm,0,0,0,2
Behind,Behind,https://talkinghands.co.in/sites/default/files/islvideos/Behind.webm,0,0,0,2
Below,Below,https://talkinghands.co.in/sites/default/files/islvideos/Below.webm,0,0,0,2
Between,Between,https://talkinghands.co.in/sites/default/files/islvideos/Between.webm,0,0,0,2
Down,Down,https://talkinghands.co.in/sites/default/files/islvideos/Down.webm,0,0,0,2
During,During,https://talkinghands.co.in/sites/default/files/islvideos/During.webm,0,0,0,2
Far,Far,https://talkinghands.co.in/sites/default/files/islvideos/Far.webm,0,0,0,3
Far2,Far2,https://talkinghands.co.in/sites/default/files/islvideos/Far2.webm,0,0,0,2
From,From,https://talkinghands.co.in/sites/default/files/islvideos/From.webm,0,0,0,2
Here,Here,https://talkinghands.co.in/sites/default/files/islvideos/Here.webm,0,0,0,2
In,In,https://talkinghands.co.in/sites/default/files/islvideos/In.webm,0,0,0,2
In front of,In front of,https://talkinghands.co.in/sites/default/files/islvideos/In_front_of.webm,0,0,0,2
Near,Near,https://talkinghands.co.in/sites/default/files/islvideos/Near.webm,0,0,0,2
Of,Of,https://talkinghands.co.in/sites/default/files/islvideos/Of.webm,0,0,0,2
Often,Often,https://talkinghands.co.in/sites/default/files/islvideos/Often.webm,0,0,0,2
On,On,https://talkinghands.co.in/sites/default/files/islvideos/On.webm,0,0,0,2
Out,Out,https://talkinghands.co.in/sites/default/files/islvideos/Out.webm,0,0,0,2
Over,Over,https://talkinghands.co.in/sites/default/files/islvideos/Over.webm,0,0,0,2
Sometime,Sometime,https://talkinghands.co.in/sites/default/files/islvideos/Sometime.webm,0,0,0,2
There,There,https://talkinghands.co.in/sites/default/files/islvideos/There.webm,0,0,0,2
Through,Through,https://talkinghands.co.in/sites/default/files/islvideos/Through.webm,0,0,0,2
To,To,https://talkinghands.co.in/sites/default/files/islvideos/To.webm,0,0,0,2
Towards,Towards,https://talkinghands.co.in/sites/default/files/islvideos/Towards.webm,0,0,0,2
Under,Under,https://talkinghands.co.in/sites/default/files/islvideos/Under.webm,0,0,0,2
Until,Until,https://talkinghands.co.in/sites/default/files/islvideos/Until.webm,0,0,0,2
Up,Up,https://talkinghands.co.in/sites/default/files/islvideos/Up.webm,0,0,0,2
With,With,https://talkinghands.co.in/sites/default/files/islvideos/With.webm,0,0,0,2
Without,Without,https://talkinghands.co.in/sites/default/files/islvideos/Without.webm,0,0,0,2
Afternoon,Afternoon,https://talkinghands.co.in/sites/default/files/islvideos/Afternoon.webm,0,0,0,2
Evening_ISL,Evening_ISL,https://talkinghands.co.in/sites/default/files/islvideos/Evening_ISL.webm,0,0,0,2
Evening_local,Evening_local,https://talkinghands.co.in/sites/default/files/islvideos/Evening_local.webm,0,0,0,2
Morning_isl,Morning_isl,https://talkinghands.co.in/sites/default/files/islvideos/Morning_isl.webm,0,0,0,2
Morning_local,Morning_local,https://talkinghands.co.in/sites/default/files/islvideos/Morning_local.webm,0,0,0,2
Night,Night,https://talkinghands.co.in/sites/default/files/islvideos/Night.webm,0,0,0,2
Night-alternate,Night-alternate,https://talkinghands.co.in/sites/default/files/islvideos/Night-alternate.webm,0,0,0,2
Noon,Noon,https://talkinghands.co.in/sites/default/files/islvideos/Noon.webm,0,0,0,2
Welcome,Welcome,https://talkinghands.co.in/sites/default/files/islvideos/Welcome.webm,0,0,0,3
Bath,Bath,https://talkinghands.co.in/sites/default/files/islvideos/Bath.webm,0,0,0,3
Bathroom,Bathroom,https://talkinghands.co.in/sites/default/files/islvideos/Bathroom.webm,0,0,0,3
Bathroom_alternate,Bathroom_alternate,https://talkinghands.co.in/sites/default/files/islvideos/Bathroom_alternate.webm,0,0,0,3
Gate,Gate,https://talkinghands.co.in/sites/default/files/islvideos/Gate.webm,0,0,0,3
Hall,Hall,https://talkinghands.co.in/sites/default/files/islvideos/Hall.webm,0,0,0,3
Bed,Bed,https://talkinghands.co.in/sites/default/files/islvideos/Bed.webm,0,0,0,3
Bedsheet,Bedsheet,https://talkinghands.co.in/sites/default/files/islvideos/Bedsheet.webm,0,0,0,3
Bed room,Bed room,https://talkinghands.co.in/sites/default/files/islvideos/bed_room.webm,0,0,0,3
Bolcony,Bolcony,https://talkinghands.co.in/sites/default/files/islvideos/Bolcony.webm,0,0,0,4
Bottle,Bottle,https://talkinghands.co.in/sites/default/files/islvideos/Bottle.webm,0,0,0,2
Bowl,Bowl,https://talkinghands.co.in/sites/default/files/islvideos/Bowl.webm,0,0,0,2
Bucket,Bucket,https://talkinghands.co.in/sites/default/files/islvideos/Bucket.webm,0,0,0,2
Bulb,Bulb,https://talkinghands.co.in/sites/default/files/islvideos/Bulb.webm,0,0,0,3
Candle,Candle,https://talkinghands.co.in/sites/default/files/islvideos/Candle.webm,0,0,0,2
Clock,Clock,https://talkinghands.co.in/sites/default/files/islvideos/Clock.webm,0,0,0,2
Cup,Cup,https://talkinghands.co.in/sites/default/files/islvideos/Cup.webm,0,0,0,2
Cupboard,Cupboard,https://talkinghands.co.in/sites/default/files/islvideos/Cupboard.webm,0,0,0,3
Curtain,Curtain,https://talkinghands.co.in/sites/default/files/islvideos/Curtain.webm,0,0,0,3
Door,Door,https://talkinghands.co.in/sites/default/files/islvideos/Door.webm,0,0,0,2
Drawer,Drawer,https://talkinghands.co.in/sites/default/files/islvideos/Drawer.webm,0,0,0,3
First Floor,First Floor,https://talkinghands.co.in/sites/default/files/islvideos/First%20Floor.webm,0,0,0,2
Floor,Floor,https://talkinghands.co.in/sites/default/files/islvideos/Floor.webm,0,0,0,3
Gas Stove,Gas Stove,https://talkinghands.co.in/sites/default/files/islvideos/Gas_Stove.webm,0,0,0,3
House,House,https://talkinghands.co.in/sites/default/files/islvideos/House.webm,0,0,0,2
Key,Key,https://talkinghands.co.in/sites/default/files/islvideos/Key.webm,0,0,0,2
Kitchen,Kitchen,https://talkinghands.co.in/sites/default/files/islvideos/Kitchen.webm,0,0,0,3
Kitchen_2,Kitchen_2,https://talkinghands.co.in/sites/default/files/islvideos/Kitchen_2.webm,0,0,0,3
Knife,Knife,https://talkinghands.co.in/sites/default/files/islvideos/Knife.webm,0,0,0,2
Lock,Lock,https://talkinghands.co.in/sites/default/files/islvideos/Lock.webm,0,0,0,2
Mat,Mat,https://talkinghands.co.in/sites/default/files/islvideos/Mat.webm,0,0,0,2
Matchbox,Matchbox,https://talkinghands.co.in/sites/default/files/islvideos/Matchbox.webm,0,0,0,2
Mirror,Mirror,https://talkinghands.co.in/sites/default/files/islvideos/Mirror.webm,0,0,0,2
Mixture,Mixture,https://talkinghands.co.in/sites/default/files/islvideos/Mixture.webm,0,0,0,2
Mixture-alternate,Mixture-alternate,https://talkinghands.co.in/sites/default/files/islvideos/Mixture-alternate.webm,0,0,0,2
Mug,Mug,https://talkinghands.co.in/sites/default/files/islvideos/Mug.webm,0,0,0,3
Newspaper,Newspaper,https://talkinghands.co.in/sites/default/files/islvideos/Newspaper.webm,0,0,0,2
Pan,Pan,https://talkinghands.co.in/sites/default/files/islvideos/Pan.webm,0,0,0,3
Photo,Photo,https://talkinghands.co.in/sites/default/files/islvideos/Photo.webm,0,0,0,2
Refridgerator,Refridgerator,https://talkinghands.co.in/sites/default/files/islvideos/Refridgerator.webm,0,0,0,3
Roof,Roof,https://talkinghands.co.in/sites/default/files/islvideos/Roof.webm,0,0,0,3
Room,Room,https://talkinghands.co.in/sites/default/files/islvideos/Room.webm,0,0,0,2
Sofa,Sofa,https://talkinghands.co.in/sites/default/files/islvideos/Sofa.webm,0,0,0,3
Spoon,Spoon,https://talkinghands.co.in/sites/default/files/islvideos/Spoon.webm,0,0,0,2
Stove,Stove,https://talkinghands.co.in/sites/default/files/islvideos/Stove.webm,0,0,0,3
T,T,https://talkinghands.co.in/sites/default/files/islvideos/T.webm,0,0,0,2
Terrace,Terrace,https://talkinghands.co.in/sites/default/files/islvideos/Terrace.webm,0,0,0,3
Things,Things,https://talkinghands.co.in/sites/default/files/islvideos/Things.webm,0,0,0,2
Toilet,Toilet,https://talkinghands.co.in/sites/default/files/islvideos/Toilet.webm,0,0,0,2
Tongs,Tongs,https://talkinghands.co.in/sites/default/files/islvideos/Tongs.webm,0,0,0,2
Toothbrush,Toothbrush,https://talkinghands.co.in/sites/default/files/islvideos/Toothbrush.webm,0,0,0,2
Toothpaste,Toothpaste,https://talkinghands.co.in/sites/default/files/islvideos/Toothpaste.webm,0,0,0,2
Torch,Torch,https://talkinghands.co.in/sites/default/files/islvideos/Torch.webm,0,0,0,2
Towel,Towel,https://talkinghands.co.in/sites/default/files/islvideos/Towel.webm,0,0,0,2
TubeLight,TubeLight,https://talkinghands.co.in/sites/default/files/islvideos/TubeLight.webm,0,0,0,2
Umbrella,Umbrella,https://talkinghands.co.in/sites/default/files/islvideos/Umbrella.webm,0,0,0,2
Arm,Arm,https://talkinghands.co.in/sites/default/files/islvideos/Arm.webm,0,0,0,3
BACK,BACK,https://talkinghands.co.in/sites/default/files/islvideos/BACK.webm,0,0,0,4
Blood,Blood,https://talkinghands.co.in/sites/default/files/islvideos/Blood.webm,0,0,0,3
Body,Body,https://talkinghands.co.in/sites/default/files/islvideos/Body.webm,0,0,0,3
Bone,Bone,https://talkinghands.co.in/sites/default/files/islvideos/Bone.webm,0,0,0,3
Brain,Brain,https://talkinghands.co.in/sites/default/files/islvideos/Brain.webm,0,0,0,3
Breathe,Breathe,https://talkinghands.co.in/sites/default/files/islvideos/Breathe.webm,0,0,0,3
Chest,Chest,https://talkinghands.co.in/sites/default/files/islvideos/Chest.webm,0,0,0,3
Elbow,Elbow,https://talkinghands.co.in/sites/default/files/islvideos/Elbow.webm,0,0,0,3
Eye,Eye,https://talkinghands.co.in/sites/default/files/islvideos/Eye.webm,0,0,0,3
Face,Face,https://talkinghands.co.in/sites/default/files/islvideos/Face.webm,0,0,0,3
Fingers,Fingers,https://talkinghands.co.in/sites/default/files/islvideos/Fingers.webm,0,0,0,2
Hair,Hair,https://talkinghands.co.in/sites/default/files/islvideos/Hair.webm,0,0,0,3
Hand,Hand,https://talkinghands.co.in/sites/default/files/islvideos/Hand.webm,0,0,0,3
Heart,Heart,https://talkinghands.co.in/sites/default/files/islvideos/Heart.webm,0,0,0,3
Hip,Hip,https://talkinghands.co.in/sites/default/files/islvideos/Hip.webm,0,0,0,3
Leg,Leg,https://talkinghands.co.in/sites/default/files/islvideos/Leg.webm,0,0,0,3
Lip,Lip,https://talkinghands.co.in/sites/default/files/islvideos/Lip.webm,0,0,0,3
Mouth,Mouth,https://talkinghands.co.in/sites/default/files/islvideos/Mouth.webm,0,0,0,2
Neck,Neck,https://talkinghands.co.in/sites/default/files/islvideos/Neck.webm,0,0,0,3
Nose,Nose,https://talkinghands.co.in/sites/default/files/islvideos/Nose.webm,0,0,0,3
Shoulder,Shoulder,https://talkinghands.co.in/sites/default/files/islvideos/Shoulder.webm,0,0,0,3
Skin,Skin,https://talkinghands.co.in/sites/default/files/islvideos/Skin.webm,0,0,0,3
Teeth,Teeth,https://talkinghands.co.in/sites/default/files/islvideos/Teeth.webm,0,0,0,3
Toes,Toes,https://talkinghands.co.in/sites/default/files/islvideos/Toes.webm,0,0,0,3
Tongue,Tongue,https://talkinghands.co.in/sites/default/files/islvideos/Tongue.webm,0,0,0,2
Waist,Waist,https://talkinghands.co.in/sites/default/files/islvideos/Waist.webm,0,0,0,3
andhra pradesh,andhra pradesh,https://talkinghands.co.in/sites/default/files/islvideos/andhra_pradesh.webm,0,0,0,3
Assam,Assam,https://talkinghands.co.in/sites/default/files/islvideos/Assam.webm,0,0,0,2
Goa,Goa,https://talkinghands.co.in/sites/default/files/islvideos/Goa.webm,0,0,0,2
Gujrat,Gujrat,https://talkinghands.co.in/sites/default/files/islvideos/Gujrat.webm,0,0,0,2
jammuandkashir,jammuandkashir,https://talkinghands.co.in/sites/default/files/islvideos/jammuandkashir.webm,0,0,0,3
Karnataka,Karnataka,https://talkinghands.co.in/sites/default/files/islvideos/Karnataka.webm,0,0,0,2
Kerala,Kerala,https://talkinghands.co.in/sites/default/files/islvideos/Kerala.webm,0,0,0,3
MadhyaPradesh,MadhyaPradesh,https://talkinghands.co.in/sites/default/files/islvideos/MadhyaPradesh.webm,0,0,0,2
Maharshtra,Maharshtra,https://talkinghands.co.in/sites/default/files/islvideos/Maharshtra.webm,0,0,0,2
Punjab,Punjab,https://talkinghands.co.in/sites/default/files/islvideos/Punjab.webm,0,0,0,3
Rajasthan,Rajasthan,https://talkinghands.co.in/sites/default/files/islvideos/Rajasthan.webm,0,0,0,2
TamilNadu,TamilNadu,https://talkinghands.co.in/sites/default/files/islvideos/TamilNadu.webm,0,0,0,2
TamilNadu2,TamilNadu2,https://talkinghands.co.in/sites/default/files/islvideos/TamilNadu2.webm,0,0,0,2
uttar pradesh,uttar pradesh,https://talkinghands.co.in/sites/default/files/islvideos/uttar_pradesh.webm,0,0,0,3
Ant,Ant,https://talkinghands.co.in/sites/default/files/islvideos/Ant.webm,0,0,0,2
Bug,Bug,https://talkinghands.co.in/sites/default/files/islvideos/Bug.webm,0,0,0,2
Butterfly,Butterfly,https://talkinghands.co.in/sites/default/files/islvideos/Butterfly.webm,0,0,0,2
Cockroach,Cockroach,https://talkinghands.co.in/sites/default/files/islvideos/Cockroach.webm,0,0,0,2
Creeper,Creeper,https://talkinghands.co.in/sites/default/files/islvideos/Creeper.webm,0,0,0,3
Hole,Hole,https://talkinghands.co.in/sites/default/files/islvideos/Hole.webm,0,0,0,2
HouseFly,HouseFly,https://talkinghands.co.in/sites/default/files/islvideos/HouseFly.webm,0,0,0,2
Insect,Insect,https://talkinghands.co.in/sites/default/files/islvideos/Insect.webm,0,0,0,3
Lizards,Lizards,https://talkinghands.co.in/sites/default/files/islvideos/Lizards.webm,0,0,0,2
Mosquito,Mosquito,https://talkinghands.co.in/sites/default/files/islvideos/Mosquito.webm,0,0,0,2
Snake,Snake,https://talkinghands.co.in/sites/default/files/islvideos/Snake.webm,0,0,0,2
Spider,Spider,https://talkinghands.co.in/sites/default/files/islvideos/Spider.webm,0,0,0,2
Bengali,Bengali,https://talkinghands.co.in/sites/default/files/islvideos/Bengali.webm,0,0,0,3
Gujrathi,Gujrathi,https://talkinghands.co.in/sites/default/files/islvideos/Gujrathi.webm,0,0,0,2
Hindi,Hindi,https://talkinghands.co.in/sites/default/files/islvideos/Hindi.webm,0,0,0,2
kannada,kannada,https://talkinghands.co.in/sites/default/files/islvideos/kannada.webm,0,0,0,2
Malayalam,Malayalam,https://talkinghands.co.in/sites/default/files/islvideos/Malayalam.webm,0,0,0,2
Marathi,Marathi,https://talkinghands.co.in/sites/default/files/islvideos/Marathi.webm,0,0,0,2
Oriya,Oriya,https://talkinghands.co.in/sites/default/files/islvideos/Oriya.webm,0,0,0,2
Punjabi,Punjabi,https://talkinghands.co.in/sites/default/files/islvideos/Punjabi.webm,0,0,0,2
Tamil,Tamil,https://talkinghands.co.in/sites/default/files/islvideos/Tamil.webm,0,0,0,2
Telugu,Telugu,https://talkinghands.co.in/sites/default/files/islvideos/Telugu.webm,0,0,0,2
Urdu,Urdu,https://talkinghands.co.in/sites/default/files/islvideos/Urdu.webm,0,0,0,3
Add,Add,https://talkinghands.co.in/sites/default/files/islvideos/Add.webm,0,0,0,2
Age-alternate,Age-alternate,https://talkinghands.co.in/sites/default/files/islvideos/Age-alternate.webm,0,0,0,3
Angle,Angle,https://talkinghands.co.in/sites/default/files/islvideos/Angle.webm,0,0,0,3
Chart,Chart,https://talkinghands.co.in/sites/default/files/islvideos/Chart.webm,0,0,0,3
Cone,Cone,https://talkinghands.co.in/sites/default/files/islvideos/Cone.webm,0,0,0,3
Divide,Divide,https://talkinghands.co.in/sites/default/files/islvideos/Divide.webm,0,0,0,2
Equater,Equater,https://talkinghands.co.in/sites/default/files/islvideos/Equater.webm,0,0,0,3
Hour,Hour,https://talkinghands.co.in/sites/default/files/islvideos/Hour.webm,0,0,0,2
Map,Map,https://talkinghands.co.in/sites/default/files/islvideos/Map.webm,0,0,0,3
Mathematics,Mathematics,https://talkinghands.co.in/sites/default/files/islvideos/Mathematics.webm,0,0,0,2
Multiply,Multiply,https://talkinghands.co.in/sites/default/files/islvideos/Multiply.webm,0,0,0,1
north pole,north pole,https://talkinghands.co.in/sites/default/files/islvideos/north pole.webm,0,0,0,3
Point,Point,https://talkinghands.co.in/sites/default/files/islvideos/Point.webm,0,0,0,3
Poster,Poster,https://talkinghands.co.in/sites/default/files/islvideos/Poster.webm,0,0,0,3
Rectange,Rectange,https://talkinghands.co.in/sites/default/files/islvideos/Rectange.webm,0,0,0,3
Rotate,Rotate,https://talkinghands.co.in/sites/default/files/islvideos/Rotate.webm,0,0,0,2
Ruler,Ruler,https://talkinghands.co.in/sites/default/files/islvideos/Ruler.webm,0,0,0,2
Size,Size,https://talkinghands.co.in/sites/default/files/islvideos/Size.webm,0,0,0,3
south pole,south pole,https://talkinghands.co.in/sites/default/files/islvideos/south pole.webm,0,0,0,3
Sphere,Sphere,https://talkinghands.co.in/sites/default/files/islvideos/Sphere.webm,0,0,0,3
Square,Square,https://talkinghands.co.in/sites/default/files/islvideos/Square.webm,0,0,0,4
Subtract,Subtract,https://talkinghands.co.in/sites/default/files/islvideos/Subtract.webm,0,0,0,1
Triangle,Triangle,https://talkinghands.co.in/sites/default/files/islvideos/Triangle.webm,0,0,0,3
Area,Area,https://talkinghands.co.in/sites/default/files/islvideos/Area.webm,0,0,0,2
Centimeter,Centimeter,https://talkinghands.co.in/sites/default/files/islvideos/Centimeter.webm,0,0,0,2
Count,Count,https://talkinghands.co.in/sites/default/files/islvideos/Count.webm,0,0,0,2
Distance,Distance,https://talkinghands.co.in/sites/default/files/islvideos/Distance.webm,0,0,0,2
Foot,Foot,https://talkinghands.co.in/sites/default/files/islvideos/Foot.webm,0,0,0,2
Gram,Gram,https://talkinghands.co.in/sites/default/files/islvideos/Gram.webm,0,0,0,2
Inch,Inch,https://talkinghands.co.in/sites/default/files/islvideos/Inch.webm,0,0,0,2
Kilogram,Kilogram,https://talkinghands.co.in/sites/default/files/islvideos/Kilogram.webm,0,0,0,2
Kilometer,Kilometer,https://talkinghands.co.in/sites/default/files/islvideos/Kilometer.webm,0,0,0,3
Litre,Litre,https://talkinghands.co.in/sites/default/files/islvideos/Litre.webm,0,0,0,2
Measure,Measure,https://talkinghands.co.in/sites/default/files/islvideos/Measure.webm,0,0,0,2
Measurement,Measurement,https://talkinghands.co.in/sites/default/files/islvideos/Measurement.webm,0,0,0,2
Meter,Meter,https://talkinghands.co.in/sites/default/files/islvideos/Meter.webm,0,0,0,2
Mile,Mile,https://talkinghands.co.in/sites/default/files/islvideos/Mile.webm,0,0,0,2
Milileter,Milileter,https://talkinghands.co.in/sites/default/files/islvideos/Milileter.webm,0,0,0,2
Scale,Scale,https://talkinghands.co.in/sites/default/files/islvideos/Scale.webm,0,0,0,2
Temperature,Temperature,https://talkinghands.co.in/sites/default/files/islvideos/Temperature.webm,0,0,0,3
Weight,Weight,https://talkinghands.co.in/sites/default/files/islvideos/Weight.webm,0,0,0,2
Alive,Alive,https://talkinghands.co.in/sites/default/files/islvideos/Alive.webm,0,0,0,2
Allergy,Allergy,https://talkinghands.co.in/sites/default/files/islvideos/Allergy.webm,0,0,0,2
Ambulance,Ambulance,https://talkinghands.co.in/sites/default/files/islvideos/Ambulance.webm,0,0,0,3
Bandage,Bandage,https://talkinghands.co.in/sites/default/files/islvideos/Bandage.webm,0,0,0,2
blood pressure,blood pressure,https://talkinghands.co.in/sites/default/files/islvideos/blood pressure.webm,0,0,0,3
Bury,Bury,https://talkinghands.co.in/sites/default/files/islvideos/Bury.webm,0,0,0,3
Cancer,Cancer,https://talkinghands.co.in/sites/default/files/islvideos/Cancer.webm,0,0,0,3
Choleara,Choleara,https://talkinghands.co.in/sites/default/files/islvideos/Choleara.webm,0,0,0,2
cholera2,cholera2,https://talkinghands.co.in/sites/default/files/islvideos/cholera2.webm,0,0,0,3
Clinic,Clinic,https://talkinghands.co.in/sites/default/files/islvideos/Clinic.webm,0,0,0,3
Cold (medical),Cold (medical),https://talkinghands.co.in/sites/default/files/islvideos/Cold.webm,0,0,0,2
Cough,Cough,https://talkinghands.co.in/sites/default/files/islvideos/Cough.webm,0,0,0,2
Cremate,Cremate,https://talkinghands.co.in/sites/default/files/islvideos/Cremate.webm,0,0,0,4
Cure,Cure,https://talkinghands.co.in/sites/default/files/islvideos/Cure.webm,0,0,0,2
Diabetes,Diabetes,https://talkinghands.co.in/sites/default/files/islvideos/Diabetes.webm,0,0,0,3
Die,Die,https://talkinghands.co.in/sites/default/files/islvideos/Die.webm,0,0,0,2
Disease,Disease,https://talkinghands.co.in/sites/default/files/islvideos/Disease.webm,0,0,0,3
Exercise,Exercise,https://talkinghands.co.in/sites/default/files/islvideos/Exercise.webm,0,0,0,2
Funeral,Funeral,https://talkinghands.co.in/sites/default/files/islvideos/Funeral.webm,0,0,0,3
Health,Health,https://talkinghands.co.in/sites/default/files/islvideos/Health.webm,0,0,0,2
Injection,Injection,https://talkinghands.co.in/sites/default/files/islvideos/Injection.webm,0,0,0,2
Jaundice,Jaundice,https://talkinghands.co.in/sites/default/files/islvideos/Jaundice.webm,0,0,0,3
Leprosy,Leprosy,https://talkinghands.co.in/sites/default/files/islvideos/Leprosy.webm,0,0,0,3
Measles,Measles,https://talkinghands.co.in/sites/default/files/islvideos/Measles.webm,0,0,0,2
Medicine,Medicine,https://talkinghands.co.in/sites/default/files/islvideos/Medicine.webm,0,0,0,3
Mumbs,Mumbs,https://talkinghands.co.in/sites/default/files/islvideos/Mumbs.webm,0,0,0,2
Mumps,Mumps,https://talkinghands.co.in/sites/default/files/islvideos/Mumps.webm,0,0,0,2
Operation,Operation,https://talkinghands.co.in/sites/default/files/islvideos/Operation.webm,0,0,0,2
Pescription,Pescription,https://talkinghands.co.in/sites/default/files/islvideos/Pescription.webm,0,0,0,3
Poison1,Poison1,https://talkinghands.co.in/sites/default/files/islvideos/Poison1.webm,0,0,0,2
Poison2,Poison2,https://talkinghands.co.in/sites/default/files/islvideos/Poison2.webm,0,0,0,3
Sick2,Sick2,https://talkinghands.co.in/sites/default/files/islvideos/Sick2.webm,0,0,0,2
SmallPox,SmallPox,https://talkinghands.co.in/sites/default/files/islvideos/SmallPox.webm,0,0,0,2
Tablet,Tablet,https://talkinghands.co.in/sites/default/files/islvideos/Tablet.webm,0,0,0,2
Thermometer,Thermometer,https://talkinghands.co.in/sites/default/files/islvideos/Thermometer.webm,0,0,0,2
Wound,Wound,https://talkinghands.co.in/sites/default/files/islvideos/Wound.webm,0,0,0,3
X-Ray,X-Ray,https://talkinghands.co.in/sites/default/files/islvideos/X-Ray.webm,0,0,0,2
Aluminium,Aluminium,https://talkinghands.co.in/sites/default/files/islvideos/Aluminium.webm,0,0,0,2
Brass,Brass,https://talkinghands.co.in/sites/default/files/islvideos/Brass.webm,0,0,0,3
Coal,Coal,https://talkinghands.co.in/sites/default/files/islvideos/Coal.webm,0,0,0,2
Copper,Copper,https://talkinghands.co.in/sites/default/files/islvideos/Copper.webm,0,0,0,2
Glass,Glass,https://talkinghands.co.in/sites/default/files/islvideos/Glass.webm,0,0,0,3
Gold,Gold,https://talkinghands.co.in/sites/default/files/islvideos/Gold.webm,0,0,0,2
Iron,Iron,https://talkinghands.co.in/sites/default/files/islvideos/Iron.webm,0,0,0,3
Iron-altenate,Iron-altenate,https://talkinghands.co.in/sites/default/files/islvideos/Iron-altenate.webm,0,0,0,2
Leather,Leather,https://talkinghands.co.in/sites/default/files/islvideos/Leather.webm,0,0,0,2
Magnet,Magnet,https://talkinghands.co.in/sites/default/files/islvideos/Magnet.webm,0,0,0,3
Plastic,Plastic,https://talkinghands.co.in/sites/default/files/islvideos/Plastic.webm,0,0,0,2
Rubber,Rubber,https://talkinghands.co.in/sites/default/files/islvideos/Rubber.webm,0,0,0,2
Rubber-alternate,Rubber-alternate,https://talkinghands.co.in/sites/default/files/islvideos/Rubber-alternate.webm,0,0,0,2
Silk,Silk,https://talkinghands.co.in/sites/default/files/islvideos/Silk.webm,0,0,0,3
Silk-alternate,Silk-alternate,https://talkinghands.co.in/sites/default/files/islvideos/Silk-alternate.webm,0,0,0,3
Silver,Silver,https://talkinghands.co.in/sites/default/files/islvideos/Silver.webm,0,0,0,2
Steel,Steel,https://talkinghands.co.in/sites/default/files/islvideos/Steel.webm,0,0,0,3
Wood,Wood,https://talkinghands.co.in/sites/default/files/islvideos/Wood.webm,0,0,0,2
Wood-alternate,Wood-alternate,https://talkinghands.co.in/sites/default/files/islvideos/Wood-alternate.webm,0,0,0,3
Wool,Wool,https://talkinghands.co.in/sites/default/files/islvideos/Wool.webm,0,0,0,3
April,April,https://talkinghands.co.in/sites/default/files/islvideos/April.webm,0,0,0,4
April-alternate,April-alternate,https://talkinghands.co.in/sites/default/files/islvideos/April-alternate.webm,0,0,0,3
August-alternate,August-alternate,https://talkinghands.co.in/sites/default/files/islvideos/August-alternate.webm,0,0,0,3
Date-1,Date-1,https://talkinghands.co.in/sites/default/files/islvideos/Date-1.webm,0,0,0,2
Day,Day,https://talkinghands.co.in/sites/default/files/islvideos/Day.webm,0,0,0,2
December,December,https://talkinghands.co.in/sites/default/files/islvideos/December.webm,0,0,0,3
December-alternate,December-alternate,https://talkinghands.co.in/sites/default/files/islvideos/December-alternate.webm,0,0,0,3
February,February,https://talkinghands.co.in/sites/default/files/islvideos/February.webm,0,0,0,3
February-alternate,February-alternate,https://talkinghands.co.in/sites/default/files/islvideos/February-alternate.webm,0,0,0,3
January,January,https://talkinghands.co.in/sites/default/files/islvideos/January.webm,0,0,0,4
January-alternate,January-alternate,https://talkinghands.co.in/sites/default/files/islvideos/January-alternate.webm,0,0,0,3
July-alternate,July-alternate,https://talkinghands.co.in/sites/default/files/islvideos/July-alternate.webm,0,0,0,4
June-alternate,June-alternate,https://talkinghands.co.in/sites/default/files/islvideos/June-alternate.webm,0,0,0,4
March,March,https://talkinghands.co.in/sites/default/files/islvideos/March.webm,0,0,0,2
March-alternate,March-alternate,https://talkinghands.co.in/sites/default/files/islvideos/March-alternate.webm,0,0,0,3
May,May,https://talkinghands.co.in/sites/default/files/islvideos/May.webm,0,0,0,4
May-alternate,May-alternate,https://talkinghands.co.in/sites/default/files/islvideos/May-alternate.webm,0,0,0,4
Month-1,Month-1,https://talkinghands.co.in/sites/default/files/islvideos/Month-1.webm,0,0,0,3
November-alternate,November-alternate,https://talkinghands.co.in/sites/default/files/islvideos/November-alternate.webm,0,0,0,3
October,October,https://talkinghands.co.in/sites/default/files/islvideos/October.webm,0,0,0,3
October-alternate,October-alternate,https://talkinghands.co.in/sites/default/files/islvideos/October-alternate.webm,0,0,0,3
September,September,https://talkinghands.co.in/sites/default/files/islvideos/September.webm,0,0,0,4
September-alternate,September-alternate,https://talkinghands.co.in/sites/default/files/islvideos/September-alternate.webm,0,0,0,3
Week,Week,https://talkinghands.co.in/sites/default/files/islvideos/Week.webm,0,0,0,2
Week-1,Week-1,https://talkinghands.co.in/sites/default/files/islvideos/Week-1.webm,0,0,0,3
Year,Year,https://talkinghands.co.in/sites/default/files/islvideos/Year.webm,0,0,0,2
Drum,Drum,https://talkinghands.co.in/sites/default/files/islvideos/Drum.webm,0,0,0,2
Flute,Flute,https://talkinghands.co.in/sites/default/files/islvideos/Flute.webm,0,0,0,2
Guitar,Guitar,https://talkinghands.co.in/sites/default/files/islvideos/Guitar.webm,0,0,0,3
Harmonium,Harmonium,https://talkinghands.co.in/sites/default/files/islvideos/Harmonium.webm,0,0,0,3
Sitar,Sitar,https://talkinghands.co.in/sites/default/files/islvideos/Sitar.webm,0,0,0,3
Tabala,Tabala,https://talkinghands.co.in/sites/default/files/islvideos/Tabala.webm,0,0,0,2
Whistle,Whistle,https://talkinghands.co.in/sites/default/files/islvideos/Whistle.webm,0,0,0,2
Desert,Desert,https://talkinghands.co.in/sites/default/files/islvideos/Desert.webm,0,0,0,3
Earth,Earth,https://talkinghands.co.in/sites/default/files/islvideos/Earth.webm,0,0,0,2
Earthquake,Earthquake,https://talkinghands.co.in/sites/default/files/islvideos/Earthquake.webm,0,0,0,2
FullMoon,FullMoon,https://talkinghands.co.in/sites/default/files/islvideos/FullMoon.webm,0,0,0,3
Hill,Hill,https://talkinghands.co.in/sites/default/files/islvideos/Hill.webm,0,0,0,3
Island,Island,https://talkinghands.co.in/sites/default/files/islvideos/Island.webm,0,0,0,3
Lake,Lake,https://talkinghands.co.in/sites/default/files/islvideos/Lake.webm,0,0,0,2
Land,Land,https://talkinghands.co.in/sites/default/files/islvideos/Land.webm,0,0,0,2
Mud,Mud,https://talkinghands.co.in/sites/default/files/islvideos/Mud.webm,0,0,0,2
New Moon Day,New Moon Day,https://talkinghands.co.in/sites/default/files/islvideos/New_Moon_Day.webm,0,0,0,4
Rain2,Rain2,https://talkinghands.co.in/sites/default/files/islvideos/Rain2.webm,0,0,0,2
River,River,https://talkinghands.co.in/sites/default/files/islvideos/River.webm,0,0,0,3
Rock,Rock,https://talkinghands.co.in/sites/default/files/islvideos/Rock.webm,0,0,0,2
Shine,Shine,https://talkinghands.co.in/sites/default/files/islvideos/Shine.webm,0,0,0,2
Sky,Sky,https://talkinghands.co.in/sites/default/files/islvideos/Sky.webm,0,0,0,2
Snow,Snow,https://talkinghands.co.in/sites/default/files/islvideos/Snow.webm,0,0,0,3
Stars,Stars,https://talkinghands.co.in/sites/default/files/islvideos/Stars.webm,0,0,0,2
Storm,Storm,https://talkinghands.co.in/sites/default/files/islvideos/Storm.webm,0,0,0,3
Sunrise,Sunrise,https://talkinghands.co.in/sites/default/files/islvideos/Sunrise.webm,0,0,0,2
Sunset,Sunset,https://talkinghands.co.in/sites/default/files/islvideos/Sunset.webm,0,0,0,2
Thunder,Thunder,https://talkinghands.co.in/sites/default/files/islvideos/Thunder.webm,0,0,0,1
Water,Water,https://talkinghands.co.in/sites/default/files/islvideos/Water.webm,0,0,0,3
WaterFall,WaterFall,https://talkinghands.co.in/sites/default/files/islvideos/WaterFall.webm,0,0,0,3
Waves,Waves,https://talkinghands.co.in/sites/default/files/islvideos/Waves.webm,0,0,0,3
Wind,Wind,https://talkinghands.co.in/sites/default/files/islvideos/Wind.webm,0,0,0,3
Bank,Bank,https://talkinghands.co.in/sites/default/files/islvideos/Bank.webm,0,0,0,2
Bridge,Bridge,https://talkinghands.co.in/sites/default/files/islvideos/Bridge.webm,0,0,0,2
Building,Building,https://talkinghands.co.in/sites/default/files/islvideos/Building.webm,0,0,0,2
Cheque,Cheque,https://talkinghands.co.in/sites/default/files/islvideos/Cheque.webm,0,0,0,3
Cheque-alternate,Cheque-alternate,https://talkinghands.co.in/sites/default/files/islvideos/Cheque-alternate.webm,0,0,0,2
Coin,Coin,https://talkinghands.co.in/sites/default/files/islvideos/Coin.webm,0,0,0,2
Dam,Dam,https://talkinghands.co.in/sites/default/files/islvideos/Dam.webm,0,0,0,3
Demand Draft,Demand Draft,https://talkinghands.co.in/sites/default/files/islvideos/Demand_Draft.webm,0,0,0,2
Dollar,Dollar,https://talkinghands.co.in/sites/default/files/islvideos/Dollar.webm,0,0,0,2
Factory,Factory,https://talkinghands.co.in/sites/default/files/islvideos/Factory.webm,0,0,0,2
Harbour,Harbour,https://talkinghands.co.in/sites/default/files/islvideos/Harbour.webm,0,0,0,2
Musuem,Musuem,https://talkinghands.co.in/sites/default/files/islvideos/Musuem.webm,0,0,0,2
Note,Note,https://talkinghands.co.in/sites/default/files/islvideos/Note.webm,0,0,0,2
Police Station,Police Station,https://talkinghands.co.in/sites/default/files/islvideos/Police_Station.webm,0,0,0,2
Pond,Pond,https://talkinghands.co.in/sites/default/files/islvideos/Pond.webm,0,0,0,3
Post office,Post office,https://talkinghands.co.in/sites/default/files/islvideos/Post_office.webm,0,0,0,2
RailwayStation,RailwayStation,https://talkinghands.co.in/sites/default/files/islvideos/RailwayStation.webm,0,0,0,2
Restaurant,Restaurant,https://talkinghands.co.in/sites/default/files/islvideos/Restaurant.webm,0,0,0,2
Saloon,Saloon,https://talkinghands.co.in/sites/default/files/islvideos/Saloon.webm,0,0,0,3
Shop,Shop,https://talkinghands.co.in/sites/default/files/islvideos/Shop.webm,0,0,0,2
Shop2,Shop2,https://talkinghands.co.in/sites/default/files/islvideos/Shop2.webm,0,0,0,2
Zoo,Zoo,https://talkinghands.co.in/sites/default/files/islvideos/Zoo.webm,0,0,0,2
Actor,Actor,https://talkinghands.co.in/sites/default/files/islvideos/Actor.webm,0,0,0,3
Actress,Actress,https://talkinghands.co.in/sites/default/files/islvideos/Actress.webm,0,0,0,3
Audiologist,Audiologist,https://talkinghands.co.in/sites/default/files/islvideos/Audiologist.webm,0,0,0,3
Barber,Barber,https://talkinghands.co.in/sites/default/files/islvideos/Barber.webm,0,0,0,2
Bus Conductor,Bus Conductor,https://talkinghands.co.in/sites/default/files/islvideos/Bus_Conductor.webm,0,0,0,3
Carpenter,Carpenter,https://talkinghands.co.in/sites/default/files/islvideos/Carpenter.webm,0,0,0,3
Clerk,Clerk,https://talkinghands.co.in/sites/default/files/islvideos/Clerk.webm,0,0,0,3
Clerk2,Clerk2,https://talkinghands.co.in/sites/default/files/islvideos/Clerk2.webm,0,0,0,2
Cobbler,Cobbler,https://talkinghands.co.in/sites/default/files/islvideos/Cobbler.webm,0,0,0,3
Coolie1,Coolie1,https://talkinghands.co.in/sites/default/files/islvideos/Coolie1.webm,0,0,0,2
Coolie2,Coolie2,https://talkinghands.co.in/sites/default/files/islvideos/Coolie2.webm,0,0,0,2
Dhobi,Dhobi,https://talkinghands.co.in/sites/default/files/islvideos/Dhobi.webm,0,0,0,2
Doctor,Doctor,https://talkinghands.co.in/sites/default/files/islvideos/Doctor.webm,0,0,0,2
Draftsman,Draftsman,https://talkinghands.co.in/sites/default/files/islvideos/Draftsman.webm,0,0,0,2
Electrician,Electrician,https://talkinghands.co.in/sites/default/files/islvideos/Electrician.webm,0,0,0,2
Engineer,Engineer,https://talkinghands.co.in/sites/default/files/islvideos/Engineer.webm,0,0,0,2
Farmer,Farmer,https://talkinghands.co.in/sites/default/files/islvideos/Farmer.webm,0,0,0,2
Fisherman,Fisherman,https://talkinghands.co.in/sites/default/files/islvideos/Fisherman.webm,0,0,0,3
Gardener,Gardener,https://talkinghands.co.in/sites/default/files/islvideos/Gardener.webm,0,0,0,3
Lecturer,Lecturer,https://talkinghands.co.in/sites/default/files/islvideos/Lecturer.webm,0,0,0,2
Mechanic,Mechanic,https://talkinghands.co.in/sites/default/files/islvideos/Mechanic.webm,0,0,0,2
Milkman,Milkman,https://talkinghands.co.in/sites/default/files/islvideos/Milkman.webm,0,0,0,3
Nurse,Nurse,https://talkinghands.co.in/sites/default/files/islvideos/Nurse.webm,0,0,0,2
Nurse2,Nurse2,https://talkinghands.co.in/sites/default/files/islvideos/Nurse2.webm,0,0,0,2
Peon,Peon,https://talkinghands.co.in/sites/default/files/islvideos/Peon.webm,0,0,0,2
Pilot,Pilot,https://talkinghands.co.in/sites/default/files/islvideos/Pilot.webm,0,0,0,3
Police2,Police2,https://talkinghands.co.in/sites/default/files/islvideos/Police2.webm,0,0,0,2
PostMan,PostMan,https://talkinghands.co.in/sites/default/files/islvideos/PostMan.webm,0,0,0,2
Profession,Profession,https://talkinghands.co.in/sites/default/files/islvideos/Profession.webm,0,0,0,2
Sailor,Sailor,https://talkinghands.co.in/sites/default/files/islvideos/Sailor.webm,0,0,0,3
Soldier,Soldier,https://talkinghands.co.in/sites/default/files/islvideos/Soldier.webm,0,0,0,1
SpeechTherapist,SpeechTherapist,https://talkinghands.co.in/sites/default/files/islvideos/SpeechTherapist.webm,0,0,0,2
Surgeon,Surgeon,https://talkinghands.co.in/sites/default/files/islvideos/Surgeon.webm,0,0,0,2
Thief,Thief,https://talkinghands.co.in/sites/default/files/islvideos/Thief.webm,0,0,0,2
Thief-alternate,Thief-alternate,https://talkinghands.co.in/sites/default/files/islvideos/Thief-alternate.webm,0,0,0,2
Typist,Typist,https://talkinghands.co.in/sites/default/files/islvideos/Typist.webm,0,0,0,2
He,He,https://talkinghands.co.in/sites/default/files/islvideos/He.webm,0,0,0,2
Hers,Hers,https://talkinghands.co.in/sites/default/files/islvideos/Hers.webm,0,0,0,2
Herself,Herself,https://talkinghands.co.in/sites/default/files/islvideos/Herself.webm,0,0,0,2
Him,Him,https://talkinghands.co.in/sites/default/files/islvideos/Him.webm,0,0,0,2
Himself,Himself,https://talkinghands.co.in/sites/default/files/islvideos/Himself.webm,0,0,0,2
His,His,https://talkinghands.co.in/sites/default/files/islvideos/His.webm,0,0,0,2
I,I,https://talkinghands.co.in/sites/default/files/islvideos/I.webm,0,0,0,1
It,It,https://talkinghands.co.in/sites/default/files/islvideos/It.webm,0,0,0,2
Its,Its,https://talkinghands.co.in/sites/default/files/islvideos/Its.webm,0,0,0,2
Itself,Itself,https://talkinghands.co.in/sites/default/files/islvideos/Itself.webm,0,0,0,2
Me,Me,https://talkinghands.co.in/sites/default/files/islvideos/Me.webm,0,0,0,1
My,My,https://talkinghands.co.in/sites/default/files/islvideos/My.webm,0,0,0,2
Myself,Myself,https://talkinghands.co.in/sites/default/files/islvideos/Myself.webm,0,0,0,2
Our,Our,https://talkinghands.co.in/sites/default/files/islvideos/Our.webm,0,0,0,2
Ourselves,Ourselves,https://talkinghands.co.in/sites/default/files/islvideos/Ourselves.webm,0,0,0,2
Self,Self,https://talkinghands.co.in/sites/default/files/islvideos/Self.webm,0,0,0,1
She,She,https://talkinghands.co.in/sites/default/files/islvideos/She.webm,0,0,0,2
She2,She2,https://talkinghands.co.in/sites/default/files/islvideos/She2.webm,0,0,0,2
That,That,https://talkinghands.co.in/sites/default/files/islvideos/That.webm,0,0,0,2
Their,Their,https://talkinghands.co.in/sites/default/files/islvideos/Their.webm,0,0,0,2
Them,Them,https://talkinghands.co.in/sites/default/files/islvideos/Them.webm,0,0,0,1
Themselves,Themselves,https://talkinghands.co.in/sites/default/files/islvideos/Themselves.webm,0,0,0,2
These,These,https://talkinghands.co.in/sites/default/files/islvideos/These.webm,0,0,0,2
They,They,https://talkinghands.co.in/sites/default/files/islvideos/They.webm,0,0,0,2
This,This,https://talkinghands.co.in/sites/default/files/islvideos/This.webm,0,0,0,1
Us,Us,https://talkinghands.co.in/sites/default/files/islvideos/Us.webm,0,0,0,2
We,We,https://talkinghands.co.in/sites/default/files/islvideos/We.webm,0,0,0,2
You,You,https://talkinghands.co.in/sites/default/files/islvideos/You.webm,0,0,0,1
Your,Your,https://talkinghands.co.in/sites/default/files/islvideos/Your.webm,0,0,0,2
Yoursellf,Yoursellf,https://talkinghands.co.in/sites/default/files/islvideos/Yoursellf.webm,0,0,0,2
You_plural,You_plural,https://talkinghands.co.in/sites/default/files/islvideos/You_plural.webm,0,0,0,2
Aeroplane,Aeroplane,https://talkinghands.co.in/sites/default/files/islvideos/Aeroplane.webm,0,0,0,2
Birth,Birth,https://talkinghands.co.in/sites/default/files/islvideos/Birth.webm,0,0,0,2
bogie,bogie,https://talkinghands.co.in/sites/default/files/islvideos/bogie.webm,0,0,0,4
Engine,Engine,https://talkinghands.co.in/sites/default/files/islvideos/Engine.webm,0,0,0,3
Guard,Guard,https://talkinghands.co.in/sites/default/files/islvideos/Guard.webm,0,0,0,3
Helicopter,Helicopter,https://talkinghands.co.in/sites/default/files/islvideos/Helicopter.webm,0,0,0,2
Lighthouse,Lighthouse,https://talkinghands.co.in/sites/default/files/islvideos/Lighthouse.webm,0,0,0,3
Pass_Season,Pass_Season,https://talkinghands.co.in/sites/default/files/islvideos/Pass_Season.webm,0,0,0,2
Railway,Railway,https://talkinghands.co.in/sites/default/files/islvideos/Railway.webm,0,0,0,2
Railway Track,Railway Track,https://talkinghands.co.in/sites/default/files/islvideos/Railway_Track.webm,0,0,0,3
Reservation,Reservation,https://talkinghands.co.in/sites/default/files/islvideos/Reservation.webm,0,0,0,2
Rocket,Rocket,https://talkinghands.co.in/sites/default/files/islvideos/Rocket.webm,0,0,0,2
Seat,Seat,https://talkinghands.co.in/sites/default/files/islvideos/Seat.webm,0,0,0,2
Ship,Ship,https://talkinghands.co.in/sites/default/files/islvideos/Ship.webm,0,0,0,3
Ticket,Ticket,https://talkinghands.co.in/sites/default/files/islvideos/Ticket.webm,0,0,0,2
Ticket Checker,Ticket Checker,https://talkinghands.co.in/sites/default/files/islvideos/Ticket_Checker.webm,0,0,0,2
Allah,Allah,https://talkinghands.co.in/sites/default/files/islvideos/Allah.webm,0,0,0,2
Angel,Angel,https://talkinghands.co.in/sites/default/files/islvideos/Angel.webm,0,0,0,2
Bell,Bell,https://talkinghands.co.in/sites/default/files/islvideos/Bell.webm,0,0,0,2
Bible,Bible,https://talkinghands.co.in/sites/default/files/islvideos/Bible.webm,0,0,0,3
Budhha,Budhha,https://talkinghands.co.in/sites/default/files/islvideos/Budhha.webm,0,0,0,2
Christian,Christian,https://talkinghands.co.in/sites/default/files/islvideos/Christian.webm,0,0,0,2
Christian-alternate,Christian-alternate,https://talkinghands.co.in/sites/default/files/islvideos/Christian-alternate.webm,0,0,0,1
Chuch,Chuch,https://talkinghands.co.in/sites/default/files/islvideos/Chuch.webm,0,0,0,3
Devil,Devil,https://talkinghands.co.in/sites/default/files/islvideos/Devil.webm,0,0,0,2
Durga,Durga,https://talkinghands.co.in/sites/default/files/islvideos/Durga.webm,0,0,0,2
Ghost,Ghost,https://talkinghands.co.in/sites/default/files/islvideos/Ghost.webm,0,0,0,2
God,God,https://talkinghands.co.in/sites/default/files/islvideos/God.webm,0,0,0,2
Hanuman,Hanuman,https://talkinghands.co.in/sites/default/files/islvideos/Hanuman.webm,0,0,0,1
Hanuman-alternate,Hanuman-alternate,https://talkinghands.co.in/sites/default/files/islvideos/Hanuman-alternate.webm,0,0,0,2
hindu,hindu,https://talkinghands.co.in/sites/default/files/islvideos/hindu.webm,0,0,0,3
Jain,Jain,https://talkinghands.co.in/sites/default/files/islvideos/Jain.webm,0,0,0,2
Jesus,Jesus,https://talkinghands.co.in/sites/default/files/islvideos/Jesus.webm,0,0,0,2
Jew,Jew,https://talkinghands.co.in/sites/default/files/islvideos/Jew.webm,0,0,0,2
Krishna,Krishna,https://talkinghands.co.in/sites/default/files/islvideos/Krishna.webm,0,0,0,2
Mary,Mary,https://talkinghands.co.in/sites/default/files/islvideos/Mary.webm,0,0,0,2
Mosque,Mosque,https://talkinghands.co.in/sites/default/files/islvideos/Mosque.webm,0,0,0,2
Muslim,Muslim,https://talkinghands.co.in/sites/default/files/islvideos/Muslim.webm,0,0,0,1
Parsi,Parsi,https://talkinghands.co.in/sites/default/files/islvideos/Parsi.webm,0,0,0,1
Pray,Pray,https://talkinghands.co.in/sites/default/files/islvideos/Pray.webm,0,0,0,1
Priest,Priest,https://talkinghands.co.in/sites/default/files/islvideos/Priest.webm,0,0,0,3
Priest2,Priest2,https://talkinghands.co.in/sites/default/files/islvideos/Priest2.webm,0,0,0,2
Quran,Quran,https://talkinghands.co.in/sites/default/files/islvideos/Quran.webm,0,0,0,2
Ram,Ram,https://talkinghands.co.in/sites/default/files/islvideos/Ram.webm,0,0,0,2
Shiva,Shiva,https://talkinghands.co.in/sites/default/files/islvideos/Shiva.webm,0,0,0,2
Sikh,Sikh,https://talkinghands.co.in/sites/default/files/islvideos/Sikh.webm,0,0,0,2
Sikh2,Sikh2,https://talkinghands.co.in/sites/default/files/islvideos/Sikh2.webm,0,0,0,2
Soul,Soul,https://talkinghands.co.in/sites/default/files/islvideos/Soul.webm,0,0,0,2
Temple,Temple,https://talkinghands.co.in/sites/default/files/islvideos/Temple.webm,0,0,0,3
Badminton,Badminton,https://talkinghands.co.in/sites/default/files/islvideos/Badminton.webm,0,0,0,2
Ball,Ball,https://talkinghands.co.in/sites/default/files/islvideos/Ball.webm,0,0,0,2
basket ball,basket ball,https://talkinghands.co.in/sites/default/files/islvideos/basket_ball.webm,0,0,0,2
Bat,Bat,https://talkinghands.co.in/sites/default/files/islvideos/Bat.webm,0,0,0,2
Boxing,Boxing,https://talkinghands.co.in/sites/default/files/islvideos/Boxing.webm,0,0,0,2
Carrom,Carrom,https://talkinghands.co.in/sites/default/files/islvideos/Carrom.webm,0,0,0,2
Chess,Chess,https://talkinghands.co.in/sites/default/files/islvideos/Chess.webm,0,0,0,2
Games,Games,https://talkinghands.co.in/sites/default/files/islvideos/Games.webm,0,0,0,2
Goal,Goal,https://talkinghands.co.in/sites/default/files/islvideos/Goal.webm,0,0,0,2
Hockey,Hockey,https://talkinghands.co.in/sites/default/files/islvideos/Hockey.webm,0,0,0,2
Karate,Karate,https://talkinghands.co.in/sites/default/files/islvideos/Karate.webm,0,0,0,2
Kite,Kite,https://talkinghands.co.in/sites/default/files/islvideos/Kite.webm,0,0,0,2
Lose,Lose,https://talkinghands.co.in/sites/default/files/islvideos/Lose.webm,0,0,0,2
olympics,olympics,https://talkinghands.co.in/sites/default/files/islvideos/olympics.webm,0,0,0,2
Race,Race,https://talkinghands.co.in/sites/default/files/islvideos/Race.webm,0,0,0,3
Run,Run,https://talkinghands.co.in/sites/default/files/islvideos/Run.webm,0,0,0,3
Sports,Sports,https://talkinghands.co.in/sites/default/files/islvideos/Sports.webm,0,0,0,2
table tennis,table tennis,https://talkinghands.co.in/sites/default/files/islvideos/table_tennis.webm,0,0,0,2
Tennis,Tennis,https://talkinghands.co.in/sites/default/files/islvideos/Tennis.webm,0,0,0,1
Trophy,Trophy,https://talkinghands.co.in/sites/default/files/islvideos/Trophy.webm,0,0,0,2
VolleyBall,VolleyBall,https://talkinghands.co.in/sites/default/files/islvideos/VolleyBall.webm,0,0,0,2
Win,Win,https://talkinghands.co.in/sites/default/files/islvideos/Win.webm,0,0,0,2
Wrestling,Wrestling,https://talkinghands.co.in/sites/default/files/islvideos/Wrestling.webm,0,0,0,3
Bitter,Bitter,https://talkinghands.co.in/sites/default/files/islvideos/Bitter.webm,0,0,0,2
Hot to taste,Hot to taste,https://talkinghands.co.in/sites/default/files/islvideos/Hot_to_taste.webm,0,0,0,2
Sweet,Sweet,https://talkinghands.co.in/sites/default/files/islvideos/Sweet.webm,0,0,0,2
Taste,Taste,https://talkinghands.co.in/sites/default/files/islvideos/Taste.webm,0,0,0,3
Alphabetically,Alphabetically,https://talkinghands.co.in/sites/default/files/islvideos/Alphabetically.webm,0,0,0,3
architecture,architecture,https://talkinghands.co.in/sites/default/files/islvideos/architecture.webm,0,0,0,3
Ascending,Ascending,https://talkinghands.co.in/sites/default/files/islvideos/Ascending.webm,0,0,0,3
Automatic,Automatic,https://talkinghands.co.in/sites/default/files/islvideos/Automatic.webm,0,0,0,2
Bluetooth,Bluetooth,https://talkinghands.co.in/sites/default/files/islvideos/Bluetooth.webm,0,0,0,3
Bold,Bold,https://talkinghands.co.in/sites/default/files/islvideos/Bold.webm,0,0,0,3
CapsLock,CapsLock,https://talkinghands.co.in/sites/default/files/islvideos/CapsLock.webm,0,0,0,3
Cassette,Cassette,https://talkinghands.co.in/sites/default/files/islvideos/Cassette.webm,0,0,0,3
CD,CD,https://talkinghands.co.in/sites/default/files/islvideos/CD.webm,0,0,0,3
Clear,Clear,https://talkinghands.co.in/sites/default/files/islvideos/Clear.webm,0,0,0,3
command,command,https://talkinghands.co.in/sites/default/files/islvideos/command.webm,0,0,0,2
computer,computer,https://talkinghands.co.in/sites/default/files/islvideos/Computer.webm,0,0,0,2
cut,cut,https://talkinghands.co.in/sites/default/files/islvideos/cut.webm,0,0,0,2
Descending,Descending,https://talkinghands.co.in/sites/default/files/islvideos/Descending.webm,0,0,0,2
download,download,https://talkinghands.co.in/sites/default/files/islvideos/download.webm,0,0,0,3
DVD,DVD,https://talkinghands.co.in/sites/default/files/islvideos/DVD.webm,0,0,0,4
Edit,Edit,https://talkinghands.co.in/sites/default/files/islvideos/Edit.webm,0,0,0,3
electric,electric,https://talkinghands.co.in/sites/default/files/islvideos/electric.webm,0,0,0,2
Fioppy,Fioppy,https://talkinghands.co.in/sites/default/files/islvideos/Fioppy.webm,0,0,0,3
folder,folder,https://talkinghands.co.in/sites/default/files/islvideos/folder.webm,0,0,0,2
Format,Format,https://talkinghands.co.in/sites/default/files/islvideos/Format.webm,0,0,0,3
forward,forward,https://talkinghands.co.in/sites/default/files/islvideos/forward.webm,0,0,0,3
Google,Google,https://talkinghands.co.in/sites/default/files/islvideos/Google.webm,0,0,0,3
Hibernate,Hibernate,https://talkinghands.co.in/sites/default/files/islvideos/Hibernate.webm,0,0,0,3
Hold,Hold,https://talkinghands.co.in/sites/default/files/islvideos/Hold.webm,0,0,0,3
Incident,Incident,https://talkinghands.co.in/sites/default/files/islvideos/Incident.webm,0,0,0,3
Input,Input,https://talkinghands.co.in/sites/default/files/islvideos/Input.webm,0,0,0,3
Install,Install,https://talkinghands.co.in/sites/default/files/islvideos/Install.webm,0,0,0,4
Italic,Italic,https://talkinghands.co.in/sites/default/files/islvideos/Italic.webm,0,0,0,3
LAN,LAN,https://talkinghands.co.in/sites/default/files/islvideos/LAN.webm,0,0,0,3
LAPTOP,LAPTOP,https://talkinghands.co.in/sites/default/files/islvideos/LAPTOP.webm,0,0,0,3
Loading,Loading,https://talkinghands.co.in/sites/default/files/islvideos/Loading.webm,0,0,0,3
Logic,Logic,https://talkinghands.co.in/sites/default/files/islvideos/Logic.webm,0,0,0,3
Logo,Logo,https://talkinghands.co.in/sites/default/files/islvideos/Logo.webm,0,0,0,3
Maximize,Maximize,https://talkinghands.co.in/sites/default/files/islvideos/Maximize.webm,0,0,0,3
memory technical,memory technical,https://talkinghands.co.in/sites/default/files/islvideos/memory_technical.webm,0,0,0,3
minimize,minimize,https://talkinghands.co.in/sites/default/files/islvideos/minimize.webm,0,0,0,3
move,move,https://talkinghands.co.in/sites/default/files/islvideos/move.webm,0,0,0,3
network,network,https://talkinghands.co.in/sites/default/files/islvideos/network.webm,0,0,0,3
New,New,https://talkinghands.co.in/sites/default/files/islvideos/New.webm,0,0,0,3
OS,OS,https://talkinghands.co.in/sites/default/files/islvideos/OS.webm,0,0,0,4
Output,Output,https://talkinghands.co.in/sites/default/files/islvideos/Output.webm,0,0,0,3
party,party,https://talkinghands.co.in/sites/default/files/islvideos/party.webm,0,0,0,3
Paste,Paste,https://talkinghands.co.in/sites/default/files/islvideos/Paste.webm,0,0,0,3
PC,PC,https://talkinghands.co.in/sites/default/files/islvideos/PC.webm,0,0,0,3
PowerPoint,PowerPoint,https://talkinghands.co.in/sites/default/files/islvideos/PowerPoint.webm,0,0,0,3
Print,Print,https://talkinghands.co.in/sites/default/files/islvideos/Print.webm,0,0,0,3
Process,Process,https://talkinghands.co.in/sites/default/files/islvideos/Process.webm,0,0,0,3
Program,Program,https://talkinghands.co.in/sites/default/files/islvideos/Program.webm,0,0,0,3
Radio,Radio,https://talkinghands.co.in/sites/default/files/islvideos/Radio.webm,0,0,0,3
Axe,Axe,https://talkinghands.co.in/sites/default/files/islvideos/Axe.webm,0,0,0,2
Bolt,Bolt,https://talkinghands.co.in/sites/default/files/islvideos/Bolt.webm,0,0,0,2
Hammer,Hammer,https://talkinghands.co.in/sites/default/files/islvideos/Hammer.webm,0,0,0,2
Ladder,Ladder,https://talkinghands.co.in/sites/default/files/islvideos/Ladder.webm,0,0,0,3
Machine,Machine,https://talkinghands.co.in/sites/default/files/islvideos/Machine.webm,0,0,0,3
Motor,Motor,https://talkinghands.co.in/sites/default/files/islvideos/Motor_3.webm,0,0,0,2
Nut,Nut,https://talkinghands.co.in/sites/default/files/islvideos/Nut_2.webm,0,0,0,3
Accident,Accident,https://talkinghands.co.in/sites/default/files/islvideos/Accident.webm,0,0,0,2
Auto,Auto,https://talkinghands.co.in/sites/default/files/islvideos/Auto.webm,0,0,0,2
Boat,Boat,https://talkinghands.co.in/sites/default/files/islvideos/Boat.webm,0,0,0,3
bullock cart,bullock cart,https://talkinghands.co.in/sites/default/files/islvideos/bullock_cart.webm,0,0,0,2
bullock_cart1,bullock_cart1,https://talkinghands.co.in/sites/default/files/islvideos/bullock_cart1.webm,0,0,0,2
Bus,Bus,https://talkinghands.co.in/sites/default/files/islvideos/Bus.webm,0,0,0,3
Car,Car,https://talkinghands.co.in/sites/default/files/islvideos/Car.webm,0,0,0,3
Car-1,Car-1,https://talkinghands.co.in/sites/default/files/islvideos/Car-1.webm,0,0,0,2
Cycle,Cycle,https://talkinghands.co.in/sites/default/files/islvideos/Cycle.webm,0,0,0,3
Cycle-alternate,Cycle-alternate,https://talkinghands.co.in/sites/default/files/islvideos/Cycle-alternate.webm,0,0,0,2
Footpath,Footpath,https://talkinghands.co.in/sites/default/files/islvideos/Footpath.webm,0,0,0,3
Horse Cart,Horse Cart,https://talkinghands.co.in/sites/default/files/islvideos/Horse_Cart.webm,0,0,0,3
Jeep,Jeep,https://talkinghands.co.in/sites/default/files/islvideos/Jeep.webm,0,0,0,3
Lorry,Lorry,https://talkinghands.co.in/sites/default/files/islvideos/Lorry.webm,0,0,0,3
Lorry-alternate,Lorry-alternate,https://talkinghands.co.in/sites/default/files/islvideos/Lorry-alternate.webm,0,0,0,2
Lorry_2,Lorry_2,https://talkinghands.co.in/sites/default/files/islvideos/Lorry_2.webm,0,0,0,2
Metro,Metro,https://talkinghands.co.in/sites/default/files/islvideos/Metro.webm,0,0,0,3
Motorcycle,Motorcycle,https://talkinghands.co.in/sites/default/files/islvideos/Motorcycle.webm,0,0,0,3
Rickshaw,Rickshaw,https://talkinghands.co.in/sites/default/files/islvideos/Rickshaw.webm,0,0,0,3
Scooter,Scooter,https://talkinghands.co.in/sites/default/files/islvideos/Scooter.webm,0,0,0,3
Taxi,Taxi,https://talkinghands.co.in/sites/default/files/islvideos/Taxi.webm,0,0,0,2
Train,Train,https://talkinghands.co.in/sites/default/files/islvideos/Train.webm,0,0,0,3
Transport,Transport,https://talkinghands.co.in/sites/default/files/islvideos/Transport.webm,0,0,0,3
Truck,Truck,https://talkinghands.co.in/sites/default/files/islvideos/Truck.webm,0,0,0,3
Van,Van,https://talkinghands.co.in/sites/default/files/islvideos/Van.webm,0,0,0,3
Van1,Van1,https://talkinghands.co.in/sites/default/files/islvideos/Van1.webm,0,0,0,3
Vehicles,Vehicles,https://talkinghands.co.in/sites/default/files/islvideos/Vehicles.webm,0,0,0,2
Zebra Crossing,Zebra Crossing,https://talkinghands.co.in/sites/default/files/islvideos/Zebra_Crossing.webm,0,0,0,3
Cold Weather,Cold Weather,https://talkinghands.co.in/sites/default/files/islvideos/Cold-Weather.webm,0,0,0,4
Hot,Hot,https://talkinghands.co.in/sites/default/files/islvideos/Hot_0.webm,0,0,0,3
rain,rain,https://talkinghands.co.in/sites/default/files/islvideos/rain_0.webm,0,0,0,4
sun,sun,https://talkinghands.co.in/sites/default/files/islvideos/sun_0.webm,0,0,0,3
How,How,https://talkinghands.co.in/sites/default/files/islvideos/How.webm,0,0,0,3
how big,how big,https://talkinghands.co.in/sites/default/files/islvideos/how_big.webm,0,0,0,3
how many,how many,https://talkinghands.co.in/sites/default/files/islvideos/how_many.webm,0,0,0,2
how much,how much,https://talkinghands.co.in/sites/default/files/islvideos/how_much.webm,0,0,0,3
Quetions,Quetions,https://talkinghands.co.in/sites/default/files/islvideos/Quetions.webm,0,0,0,3
What,What,https://talkinghands.co.in/sites/default/files/islvideos/What.webm,0,0,0,3
What time,What time,https://talkinghands.co.in/sites/default/files/islvideos/What%20time.webm,0,0,0,3
When,When,https://talkinghands.co.in/sites/default/files/islvideos/When.webm,0,0,0,3
Where,Where,https://talkinghands.co.in/sites/default/files/islvideos/Where.webm,0,0,0,3
Which,Which,https://talkinghands.co.in/sites/default/files/islvideos/Which.webm,0,0,0,3
Who,Who,https://talkinghands.co.in/sites/default/files/islvideos/Who.webm,0,0,0,3
Whoes,Whoes,https://talkinghands.co.in/sites/default/files/islvideos/Whoes.webm,0,0,0,3
Why,Why,https://talkinghands.co.in/sites/default/files/islvideos/Why.webm,0,0,0,3
Account,Account,https://talkinghands.co.in/sites/default/files/islvideos/Account.webm,0,0,0,3
Accountant,Accountant,https://talkinghands.co.in/sites/default/files/islvideos/Accountant.webm,0,0,0,4
Architect,Architect,https://talkinghands.co.in/sites/default/files/islvideos/Architect.webm,0,0,0,3
Boss,Boss,https://talkinghands.co.in/sites/default/files/islvideos/Boss.webm,0,0,0,3
Business,Business,https://talkinghands.co.in/sites/default/files/islvideos/Business.webm,0,0,0,2
Cancel,Cancel,https://talkinghands.co.in/sites/default/files/islvideos/Cancel.webm,0,0,0,2
Close,Close,https://talkinghands.co.in/sites/default/files/islvideos/Close.webm,0,0,0,4
Early,Early,https://talkinghands.co.in/sites/default/files/islvideos/Early.webm,0,0,0,3
Email,Email,https://talkinghands.co.in/sites/default/files/islvideos/Email.webm,0,0,0,2
Facebook,Facebook,https://talkinghands.co.in/sites/default/files/islvideos/Facebook.webm,0,0,0,2
File,File,https://talkinghands.co.in/sites/default/files/islvideos/File.webm,0,0,0,2
Focus,Focus,https://talkinghands.co.in/sites/default/files/islvideos/Focus.webm,0,0,0,3
Gmail,Gmail,https://talkinghands.co.in/sites/default/files/islvideos/Gmail.webm,0,0,0,4
Internet,Internet,https://talkinghands.co.in/sites/default/files/islvideos/Internet.webm,0,0,0,3
Late,Late,https://talkinghands.co.in/sites/default/files/islvideos/Late.webm,0,0,0,3
Leave,Leave,https://talkinghands.co.in/sites/default/files/islvideos/Leave.webm,0,0,0,2
Manager,Manager,https://talkinghands.co.in/sites/default/files/islvideos/Manager.webm,0,0,0,3
Market,Market,https://talkinghands.co.in/sites/default/files/islvideos/Market.webm,0,0,0,2
Meeting,Meeting,https://talkinghands.co.in/sites/default/files/islvideos/Meeting.webm,0,0,0,3
Mobile,Mobile,https://talkinghands.co.in/sites/default/files/islvideos/Mobile.webm,0,0,0,3
Office,Office,https://talkinghands.co.in/sites/default/files/islvideos/Office.webm,0,0,0,3
Open,Open,https://talkinghands.co.in/sites/default/files/islvideos/Open.webm,0,0,0,2
Police,Police,https://talkinghands.co.in/sites/default/files/islvideos/Police.webm,0,0,0,2
Practice,Practice,https://talkinghands.co.in/sites/default/files/islvideos/Practice.webm,0,0,0,3
Servant,Servant,https://talkinghands.co.in/sites/default/files/islvideos/Servant.webm,0,0,0,3
Sign,Sign,https://talkinghands.co.in/sites/default/files/islvideos/Sign.webm,0,0,0,3
Sim,Sim,https://talkinghands.co.in/sites/default/files/islvideos/Sim.webm,0,0,0,2
Start,Start,https://talkinghands.co.in/sites/default/files/islvideos/Start.webm,0,0,0,2
Teacher,Teacher,https://talkinghands.co.in/sites/default/files/islvideos/Teacher.webm,0,0,0,3
Telephone,Telephone,https://talkinghands.co.in/sites/default/files/islvideos/Telephone_0.webm,0,0,0,2
Typwriter,Typwriter,https://talkinghands.co.in/sites/default/files/islvideos/Typwriter.webm,0,0,0,2
WhatsApp,WhatsApp,https://talkinghands.co.in/sites/default/files/islvideos/WhatsApp_0.webm,0,0,0,2
Work,Work,https://talkinghands.co.in/sites/default/files/islvideos/Work.webm,0,0,0,3
Youtube,Youtube,https://talkinghands.co.in/sites/default/files/islvideos/Youtube_0.webm,0,0,0,3
